-- phpMyAdmin SQL Dump
-- version 3.4.10.2
-- http://www.phpmyadmin.net
--
-- Host: localhost
-- Generato il: Mag 21, 2013 alle 17:05
-- Versione del server: 5.5.20
-- Versione PHP: 5.3.8

SET SQL_MODE="NO_AUTO_VALUE_ON_ZERO";
SET time_zone = "+00:00";


/*!40101 SET @OLD_CHARACTER_SET_CLIENT=@@CHARACTER_SET_CLIENT */;
/*!40101 SET @OLD_CHARACTER_SET_RESULTS=@@CHARACTER_SET_RESULTS */;
/*!40101 SET @OLD_COLLATION_CONNECTION=@@COLLATION_CONNECTION */;
/*!40101 SET NAMES utf8 */;

--
-- Database: `configuratore`
--

-- --------------------------------------------------------

--
-- Struttura della tabella `accessori`
--

CREATE TABLE IF NOT EXISTS `accessori` (
  `id_accessorio` int(11) NOT NULL AUTO_INCREMENT,
  `descrizione` varchar(50) COLLATE utf8_bin NOT NULL COMMENT 'descrizione accessorio ',
  `descrizione_breve` varchar(5) COLLATE utf8_bin NOT NULL COMMENT 'descrizione breve accessorio per fini di descrittivo',
  PRIMARY KEY (`id_accessorio`)
) ENGINE=InnoDB  DEFAULT CHARSET=utf8 COLLATE=utf8_bin COMMENT='Accessori per i prodotti lineari' AUTO_INCREMENT=4 ;

--
-- Dump dei dati per la tabella `accessori`
--

INSERT INTO `accessori` (`id_accessorio`, `descrizione`, `descrizione_breve`) VALUES
(1, 'NESSUNO', 'N.A.'),
(2, 'TOUCH', 'TC'),
(3, 'PIR SENSOR LEFT', 'SL');

-- --------------------------------------------------------

--
-- Struttura della tabella `anagrafica_barre_led`
--

CREATE TABLE IF NOT EXISTS `anagrafica_barre_led` (
  `codice_barra_led` varchar(11) COLLATE utf8_bin NOT NULL COMMENT 'Codice barra led',
  `descrizione` text COLLATE utf8_bin NOT NULL COMMENT 'descrizione barra led',
  `lunghezza_oda` varchar(5) COLLATE utf8_bin NOT NULL,
  `tensione_alimentazione` smallint(6) NOT NULL COMMENT 'Volt',
  `numero_led` smallint(6) NOT NULL COMMENT 'Numero di led per barra',
  `potenza` varchar(4) COLLATE utf8_bin NOT NULL COMMENT 'Watt',
  `potenza_a_modulo` varchar(5) COLLATE utf8_bin NOT NULL,
  `lunghezza_barra` varchar(4) COLLATE utf8_bin NOT NULL COMMENT 'millimetri',
  `modularita` varchar(5) COLLATE utf8_bin NOT NULL,
  `codice_motore_led` varchar(2) COLLATE utf8_bin NOT NULL COMMENT 'tipologia di motore associato',
  `id_tipo_luce` int(11) NOT NULL COMMENT 'colore della luce',
  `lente` varchar(2) COLLATE utf8_bin NOT NULL COMMENT 'Determina se la barra led ha le lenti o meno: 1 si 0 no',
  PRIMARY KEY (`codice_barra_led`),
  KEY `id_tipo_luce` (`id_tipo_luce`),
  KEY `codice_motore_led` (`codice_motore_led`)
) ENGINE=InnoDB DEFAULT CHARSET=utf8 COLLATE=utf8_bin COMMENT='Anagrafica delle barre led da inserire nei prodotti lineari';

--
-- Dump dei dati per la tabella `anagrafica_barre_led`
--

INSERT INTO `anagrafica_barre_led` (`codice_barra_led`, `descrizione`, `lunghezza_oda`, `tensione_alimentazione`, `numero_led`, `potenza`, `potenza_a_modulo`, `lunghezza_barra`, `modularita`, `codice_motore_led`, `id_tipo_luce`, `lente`) VALUES
('30900660001', 'strip HE 125mm 5000K 12V 12led +LENTE', 'N.A.', 12, 12, '0.9', 'N.A.', '125', 'N.A.', 'H', 3, 'SI'),
('30900670001', 'strip HE 250mm 35000K 12V 24led +LENTE', 'N.A.', 12, 24, '1.8', 'N.A.', '250', 'N.A.', 'H', 3, 'SI'),
('30900700000', 'strip HE 125mm 5000K 12V 12led -LENTE', 'N.A.', 12, 12, '0.9', 'N.A.', '125', 'N.A.', 'H', 3, 'NO'),
('30900710000', 'strip HE 125mm 3200K 12V 12led -LENTE', 'N.A.', 12, 12, '0.9', 'N.A.', '125', 'N.A.', 'H', 2, 'NO'),
('30900720000', 'strip HE 250mm 5000K 12V 24led -LENTE', 'N.A.', 12, 24, '1.8', 'N.A.', '250', 'N.A.', 'H', 3, 'NO'),
('30900730000', 'strip HE 250mm 3200K 12V 24led -LENTE', 'N.A.', 12, 24, '1.8', 'N.A.', '250', 'N.A.', 'H', 2, 'NO'),
('30900740001', 'strip HE 125mm 3200K 12V 12led +LENTE', 'N.A.', 12, 12, '0.9', 'N.A.', '125', 'N.A.', 'H', 2, 'SI'),
('30900750001', 'strip HE 250mm 3200K 12V 24led +LENTE', 'N.A.', 12, 24, '1.8', 'N.A.', '250', 'N.A.', 'H', 2, 'SI'),
('30901410000', 'strip LINE 250mm 5000K 12V 24led +LENTE', 'N.A.', 12, 24, '1.8', 'N.A.', '250', 'N.A.', 'L', 3, 'SI'),
('30901420000', 'strip LINE 250mm 3200K 12V 24led +LENTE', 'N.A.', 12, 24, '1.8', 'N.A.', '250', 'N.A.', 'L', 2, 'SI'),
('30901430000', 'strip LINE 125mm 5000K 12V 12led +LENTE', 'N.A.', 12, 12, '0.9', 'N.A.', '125', 'N.A.', 'L', 3, 'SI'),
('30901440000', 'strip LINE 125mm 3200K 12V 12led +LENTE', 'N.A.', 12, 12, '0.9', 'N.A.', '125', 'N.A.', 'L', 2, 'SI'),
('30901650000', 'strip LINE 125mm 5000K 12V 12led -LENTE', 'N.A.', 12, 12, '0.9', 'N.A.', '125', 'N.A.', 'L', 3, 'NO'),
('30901660000', 'strip LINE 125mm 3200K 12V 12led -LENTE', 'N.A.', 12, 12, '0.9', 'N.A.', '125', 'N.A.', 'L', 2, 'NO'),
('30901670000', 'strip LINE 250mm 5000K 12V 24led -LENTE', 'N.A.', 12, 24, '1.8', 'N.A.', '250', 'N.A.', 'L', 3, 'NO'),
('30901680000', 'strip LINE 250mm 3200K 12V 24led -LENTE', 'N.A.', 12, 24, '1.8', 'N.A.', '250', 'N.A.', 'L', 2, 'NO'),
('30902050000', 'STRIP PL 250 5000K 2,0W 12V 9L +LENTE', 'N.A.', 12, 9, '2', 'N.A.', '250', 'N.A.', 'P', 3, 'SI'),
('30902060000', 'STRIP PL 250 3200K 2,0W 12V 9L +LENTE', 'N.A.', 12, 9, '2', 'N.A.', '250', 'N.A.', 'P', 2, 'SI'),
('30902070000', 'STRIP PL 84 5000K 0,7W 12V 3L +LENTE', 'N.A.', 12, 3, '0.7', 'N.A.', '84', 'N.A.', 'P', 3, 'SI'),
('30902080000', 'STRIP PL 84 3200K 0,7W 12V 3L +LENTE', 'N.A.', 12, 3, '0.7', 'N.A.', '84', 'N.A.', 'P', 2, 'SI'),
('30902090000', 'STRIP PL 250 5000K 2,0W 12V 9L -LENTE', 'N.A.', 12, 9, '2', 'N.A.', '250', 'N.A.', 'P', 3, 'NO'),
('30902100000', 'STRIP PL 250 3200K 2,0W 12V 9L -LENTE', 'N.A.', 12, 9, '2', 'N.A.', '250', 'N.A.', 'P', 2, 'NO'),
('30902110000', 'STRIP PL 84 5000K 0,7W 12V 3L -LENTE', 'N.A.', 12, 3, '0.7', 'N.A.', '84', 'N.A.', 'P', 3, 'NO'),
('30902120000', 'STRIP PL 84 3200K 0,7W 12V 3L -LENTE', 'N.A.', 12, 3, '0.7', 'N.A.', '84', 'N.A.', 'P', 2, 'NO'),
('30902370000', 'STRIP PL 84 4000K 0,7W 12V 3L +LENTE', 'N.A.', 12, 9, '2', 'N.A.', '84', 'N.A.', 'P', 4, 'SI'),
('30902380000', 'STRIP PL 84 4000K 0,7W 12V 3L -LENTE', 'N.A.', 12, 3, '0.7', 'N.A.', '84', 'N.A.', 'P', 4, 'NO'),
('30902390000', 'STRIP PL 250 4000K 2,0W 12V 9L +LENTE', 'N.A.', 12, 9, '2', 'N.A.', '250', 'N.A.', 'P', 4, 'SI'),
('30902400000', 'STRIP PL 250 4000K 2,0W 12V 9L -LENTE', 'N.A.', 12, 3, '0.7', 'N.A.', '250', 'N.A.', 'P', 4, 'NO'),
('30902410000', 'STRIP EVOLUTION 250 3000K 4,0W 12V 48L', 'N.A.', 12, 48, '4', 'N.A.', '250', 'N.A.', 'V', 1, 'NO'),
('30902420000', 'STRIP EVOLUTION 250 4000K 4,0W 12V 48L', 'N.A.', 12, 48, '4', 'N.A.', '250', 'N.A.', 'V', 4, 'NO'),
('30902430000', 'STRIP EVOLUTION 125 3000K 2,0W 12V 24L', 'N.A.', 12, 24, '2', 'N.A.', '125', 'N.A.', 'V', 1, 'NO'),
('30902440000', 'STRIP EVOLUTION 125 4000K 2,0W 12V 24L', 'N.A.', 12, 24, '2', 'N.A.', '125', 'N.A.', 'V', 4, 'NO'),
('30902490000', 'STRIP XL 250MM 5000K 3.2W 12V 12LED', 'N.A.', 12, 12, '3.2', 'N.A.', '250', 'N.A.', 'X', 3, 'NO'),
('30902500000', 'STRIP XL 250MM 4000K 3.2W 12V 12LED', 'N.A.', 12, 12, '3.2', 'N.A.', '250', 'N.A.', 'X', 4, 'NO'),
('30902510000', 'STRIP XL 250MM 3000K 3.2W 12V 12LED', 'N.A.', 12, 12, '3.2', 'N.A.', '250', 'N.A.', 'X', 1, 'NO'),
('30902520000', 'STRIP XL 125MM 5000K 1.6W 12V 6LED', 'N.A.', 12, 6, '1.6', 'N.A.', '125', 'N.A.', 'X', 3, 'NO'),
('30902530000', 'STRIP XL 125MM 4000K 1.6W 12V 6LED', 'N.A.', 12, 6, '1.6', 'N.A.', '125', 'N.A.', 'X', 4, 'NO'),
('30902540000', 'STRIP XL 125MM 3000K 1.6W 12V 6LED', 'N.A.', 12, 6, '1.6', 'N.A.', '125', 'N.A.', 'X', 1, 'NO'),
('30902550000', 'STRIP XL 62.5MM 5000K 0.8W 12V 3LED', 'N.A.', 12, 3, '0.8', 'N.A.', '62.5', 'N.A.', 'X', 3, 'NO'),
('30902560000', 'STRIP XL 62.5MM 4000K 0.8W 12V 3LED', 'N.A.', 12, 3, '0.8', 'N.A.', '62.5', 'N.A.', 'X', 4, 'NO'),
('30902570000', 'STRIP XL 62.5MM 3000K 0.8W 12V 3LED', 'N.A.', 12, 3, '0.8', 'N.A.', '62.5', 'N.A.', 'X', 1, 'NO'),
('30902590000', 'STRIP PL BLU 250 2,0W 12V 9L +LENTE', '470', 12, 9, '2', 'N.A.', '250', 'N.A.', 'P', 5, 'SI'),
('30902600000', 'STRIP PL BLU 84 0,7W 12V 3L +LENTE', '470', 12, 3, '0.7', 'N.A.', '84', 'N.A.', 'P', 5, 'SI'),
('30902610001', 'STRIP REEL L=5MT 3000K 24,0W 12V 60LED/M', 'N.A.', 12, 3, 'N.A.', '0.24', 'N.A.', '50', 'A', 1, 'NO'),
('30902620001', 'STRIP REEL L=5MT 4000K 24,0W 12V 60LED/M', 'N.A.', 12, 3, 'N.A.', '0.24', 'N.A.', '50', 'A', 4, 'NO'),
('30902630001', 'STRIP REEL L=5MT 5000K 24,0W 12V 60LED/M', 'N.A.', 12, 3, 'N.A.', '0.24', 'N.A.', '50', 'A', 3, 'NO'),
('30902650000', 'STRIP EVOLUTION 250 3000K 4,0W 24V 48L', 'N.A.', 24, 48, '4', 'N.A.', '250', 'N.A.', 'V', 1, 'NO'),
('30902660000', 'STRIP EVOLUTION 250 4000K 4,0W 24V 48L', 'N.A.', 24, 48, '4', 'N.A.', '250', 'N.A.', 'V', 4, 'NO'),
('30902670000', 'STRIP EVOLUTION 125 3000K 2,0W 24V 24L', 'N.A.', 24, 24, '2', 'N.A.', '125', 'N.A.', 'V', 1, 'NO'),
('30902680000', 'STRIP EVOLUTION 125 4000K 2,0W 24V 24L', 'N.A.', 24, 24, '2', 'N.A.', '125', 'N.A.', 'V', 4, 'NO'),
('30902690000', 'STRIP EVOLUTION 62,5 3000K 1,0W 24V 12L', 'N.A.', 24, 12, '1', 'N.A.', '62.5', 'N.A.', 'V', 1, 'NO'),
('30902700000', 'STRIP EVOLUTION 62,5 4000K 1,0W 24V 12L', 'N.A.', 24, 12, '1', 'N.A.', '62.5', 'N.A.', 'V', 4, 'NO'),
('30902820000', 'STRIP REEL L=5MT 3000K 48,0W 12V 120LED/', 'N.A.', 12, 3, 'N.A.', '0.29', '5000', '25', 'B', 1, 'NO'),
('30902830000', 'STRIP REEL L=5MT 4000K 48,0W 12V 120LED/', 'N.A.', 12, 3, 'N.A.', '0.29', '5000', '25', 'B', 4, 'NO'),
('30902840000', 'STRIP REEL L=5MT 5000K 48,0W 12V 120LED/', 'N.A.', 12, 3, 'N.A.', '0.29', '5000', '25', 'B', 3, 'NO');

-- --------------------------------------------------------

--
-- Struttura della tabella `clienti`
--

CREATE TABLE IF NOT EXISTS `clienti` (
  `codice_cliente` varchar(4) COLLATE utf8_bin NOT NULL COMMENT 'codice cliente',
  `ragione_sociale` varchar(30) COLLATE utf8_bin NOT NULL COMMENT 'nome del cliente'
) ENGINE=InnoDB DEFAULT CHARSET=utf8 COLLATE=utf8_bin COMMENT='elenco dei clienti LS';

--
-- Dump dei dati per la tabella `clienti`
--

INSERT INTO `clienti` (`codice_cliente`, `ragione_sociale`) VALUES
('1', 'ARREX-1 S.p.a.'),
('102', 'LE FAVERO Srl'),
('107', 'LEMA S.p.a.'),
('1075', 'PORRO SPA'),
('1114', 'AURORA S.p.A.'),
('1140', 'SILOMA S.r.l.'),
('1152', 'BMT S.r.l.'),
('1153', 'GIBAM SHOPS SRL UNIPERSONALE'),
('1169', 'I.S.A. SRL'),
('1191', 'C.E.A. SPA'),
('1245', 'Z.G.MOBILI  SPA'),
('1276', 'EFFEQUATTRO SRL'),
('128', 'MOBILEGNO S.p.a.'),
('1291', 'FAOMA SNC'),
('1292', 'FORMER IND.PER L''ARREDAM.SPA'),
('1300', 'ARTELINEA SPA'),
('1308', 'BINDI Cucine Componibili Spa'),
('1309', 'ZANI CUCINE Spa'),
('1312', 'PLAY Srl'),
('1316', 'DEL TONGO INDUSTRIE Spa'),
('1320', 'EUROPLAK Srl'),
('1327', 'LAGO S.p.A.'),
('1374', 'MASTER Spa'),
('1404', 'JESSE Spa'),
('1423', 'SCIC Spa'),
('1433', 'MAZZOLI MOBILI SRL'),
('144', 'MOB.CIO ROBUR snc'),
('147', 'ARREDAMENTI TRE O Sas'),
('1471', 'BASSI F.LLI SNC'),
('1480', 'MODULNOVA Srl'),
('1486', 'BINOVA Spa'),
('1498', 'HAFELE FRANCE S.A.R.L.'),
('1511', 'ELETTRICA MARONESE SRL'),
('1519', 'RECORD CUCINE Srl'),
('1559', 'SIFA Spa'),
('1563', 'LAMPARAS OLIVA S.A.'),
('1576', 'SPINELLI FRATELLI S.N.C.'),
('161', 'PIANCA S.p.a.'),
('162', 'POLIFORM  Spa'),
('1646', 'BERLONI BAGNO Srl'),
('1651', 'MILLELUCI S.R.L.'),
('1681', 'CALLEJA LTD'),
('1719', 'SONEGO Srl'),
('1724', 'MOBILIFICIO RIMINI S.P.A.'),
('179', 'ROSSETTO ARREDAMENTI  SPA'),
('1823', 'MARKA Spa'),
('183', 'SNAIDERO RINO S.p.a.'),
('188', 'SANTAROSSA S.p.a.'),
('1884', 'MISTRAL Spa'),
('1947', 'COMPOSIT SRL'),
('1949', 'OIKOS s.r.l.'),
('1954', 'DELTA DISPLAY Srl'),
('2034', 'EFFETI INDUSTRIE Spa'),
('2035', 'LYON''S LINEA CUCINE S.R.L.'),
('2053', 'SANTANDREA ARREDI S.R.L.'),
('206', 'VALCUCINE S.P.A.'),
('2066', 'AR-TRE Srl'),
('2082', 'VER CAVI  Srl'),
('2084', 'IMMOBILIARE CARDUCCI'),
('2098', 'STE FOURNIER'),
('2099', 'MOBILIFICIO SAN GIACOMO Spa'),
('2105', 'B & F SISTEMCABLE SRL'),
('2121', 'DOMUS CUCINE Srl'),
('213', 'ZANETTE S.p.a.'),
('2135', 'TOMASELLA INDUSTRIA MOBILI SAS'),
('214', 'ZECCHINON CUCINE S.r.l.'),
('2144', 'VETRERIA D''ELITE  SRL'),
('2174', 'MOBILIFICIO SAN MICHELE Srl'),
('2216', 'TONCELLI CUCINE  Spa'),
('223', 'ARMONY S.p.a.'),
('2285', 'RIMADESIO Spa'),
('2386', 'NOVAMOBILI S.p.a.'),
('2390', 'CASA ARREDO S.n.c.'),
('2393', 'BATTISTELLA S.P.A.'),
('2428', 'S.M.A. Spa'),
('2436', 'ELETTRICA C.& G. Sas'),
('2470', 'CIAT Srl'),
('2481', 'CERIANI ELETTROFORNITURE SPA'),
('25', 'COMPAS Sas'),
('2512', 'FANTONI SPA'),
('2514', 'E.C.B.'),
('2537', 'F.LLI MUNICCHI SPA'),
('254', 'MOB.VITTORIA Spa'),
('2556', 'ORNAGHI MARIO'),
('2564', 'TORCHETTI CUCINE SNC**********'),
('2593', 'ZALF Spa'),
('2605', 'DIVA Srl in Liquidazione'),
('2607', 'FLEXTRONICS S.R.L.'),
('2615', 'MIDA 2 SRL'),
('2625', 'MASTELLA Srl'),
('2685', 'ASTER CUCINE S.p.A.'),
('2703', 'AQUA  Srl'),
('2754', 'FERRIONE ENRICO'),
('28', 'CASTAGNA CUCINE S.r.l.'),
('2801', 'ARCHITETTURALUCE SRL'),
('2806', 'FAP 3 Snc'),
('2814', 'INTERNA CONTRACT SPA'),
('2815', 'MODULINE  Srl'),
('2817', 'PASTORELLO MAURIZIO'),
('2876', 'SCHIFFINI MOBILI CUCINE Spa'),
('2920', 'TRIS BAGNO SRL'),
('2929', 'ACHEO srl'),
('2938', 'NOVA CUCINA SPA'),
('2963', 'CRECCHI IDEE CUCINA SRL'),
('30', 'COVA CUCINE SRL'),
('3012', 'WUERTH Srl'),
('3013', 'WUERTH Srl'),
('3086', 'GIUSTO PREDIERI SRL'),
('3102', 'TINO SANA SRL'),
('3121', 'HI LITE S.p.A'),
('3157', 'GRANDE ARREDO Spa'),
('3159', 'MOBILIFICIO NARDI INTERNI Spa'),
('3162', 'SELVA Spa'),
('32', 'CARMA CUCINE SRL'),
('3258', 'FIMES DEI F.LLI LONGONI Sas'),
('33', 'COPAT S.p.a.'),
('3314', 'CEFLA Soc. Coop. a.r.l.'),
('3317', 'CROCE GIOVANNI & FIGLIO SNC'),
('3332', 'HARDWARE SRL'),
('3334', 'DOIMO CITY LINE Spa'),
('3351', 'PEDINI S.P.A.'),
('3412', 'MATTERAZZO Srl'),
('3435', 'RES Srl'),
('3444', 'MOBILACCESSORIO s.r.l.'),
('3450', 'MORAS SNC'),
('3478', 'ERBA MOBILI snc'),
('3521', 'ASSO CUCINE SRL'),
('3540', 'COSTA GROUP SRL'),
('3589', 'ELETTROGAMMA Srl'),
('3594', 'MARTEX SPA'),
('3624', 'DOC MOBILI SPA'),
('3653', 'LA TRAVE SNC'),
('3720', 'LISCA SNC'),
('374', 'ACERBIS INTERNATIONAL S.p.a.'),
('3746', 'SCHACHERMAYER'),
('38', 'MAISTRI S.p.a.'),
('3807', 'EUROPEO SPA'),
('3843', 'FALMEC SpA'),
('3865', 'GENTILI CUCINE SRL'),
('39', 'DALL''AGNESE S.p.a.'),
('4', 'AR-DUE S.p.a.'),
('40', 'DOIMO ARREDAMENTI S.p.a.'),
('4004', 'FORMATRE SPA'),
('4029', 'AGRATI SRL'),
('4058', 'PANEGATTI STEFANO'),
('4060', 'MOBILFORM S.r.l.'),
('4061', 'FBC BORGHI FERRAMENTA S.A.S'),
('4077', 'F.AR.MO. SRL'),
('4080', 'MISURA EMME S.p.A.'),
('4089', 'RIALTO Arredamenti SRL'),
('4096', 'VARASCHIN SPA'),
('4108', 'FERRAMENTA FORMENTI Snc'),
('4114', 'DIELLE SPA'),
('4116', 'FERRAMENTA CAMPAGNOLO SRL'),
('4117', 'HUSASMIDJAN HF.'),
('4145', 'PUNTO LUCE SAS DI MAFFEO & C.'),
('4172', 'CITTERIO SPA'),
('4258', 'DONATI ARMADI Srl'),
('4261', 'REGGIANA LUCE SRL'),
('4326', 'MOBILI TRE DI S.A.S.'),
('4330', 'CACCARO SRL'),
('4356', 'FO.EL. S.R.L.'),
('440', 'MERCANTINI MOBILI S.P.A.'),
('4459', 'PIEMME MOBILI SPA'),
('449', 'SCAVOLINI S.p.A.'),
('4514', 'VISMAP SRL'),
('4519', 'GM CUCINE S.R.L.'),
('454', 'FEG INDUSTRIA MOBILI SAS'),
('4540', 'POZZI FERRAMENTA SPA'),
('458', 'MAIOR CUCINE  SPA'),
('4586', 'HOMES CASA SPA'),
('4601', 'FERRAMENTA CIONI Spa'),
('4610', 'WELLIS A.G.'),
('4612', 'PROGETTO 2 SRL'),
('4656', 'GORY CUCINE SRL'),
('4658', 'BERKER GmbH & CO.'),
('47', 'DIBIESSE S.p.A.'),
('4792', 'COMFERUT SRL'),
('4821', 'ARREDOQUATTRO SNC'),
('4840', 'HAFELE U.K. LIMITED'),
('492', 'D.M.E.  Srl'),
('4947', 'MOBILIFICIO PICCINATO OLINDO'),
('5', 'QUAIA F.lli Srl'),
('5003', 'RHO ARMANDO & C. SNC'),
('5016', 'LINEA 3  S.A.R.L.'),
('5029', 'FIME SRL'),
('5179', 'MINOLA SNC'),
('52', 'ELMAR S.r.l.'),
('5215', 'CEDAM  S.A.'),
('526', 'ERREBI Srl'),
('5380', 'DADA S.P.A.'),
('5483', 'SBABO CUCINE SRL'),
('5572', 'MAXFIRE Spa'),
('5576', 'DENTAL ART SPA'),
('5592', 'LINE GIANSER SAS'),
('5624', 'OFFICE TECNO SERVICE SRL'),
('5647', 'KIT-WOOD PLUS SAL'),
('5693', 'ARREDOLUCE Srl'),
('5758', 'GALIMBERTI FERRAMENTA SNC'),
('5765', 'SERENISSIMA SRL'),
('5785', 'INDUSTRIA CAVEL SRL'),
('5841', 'LA FAUCI ANTONIA GRAZIA'),
('5874', 'LIPA AJDOVSCINA, TOVARNA'),
('5898', 'TECNOCUCINA Srl'),
('5902', 'BALDACCI SPA'),
('5931', 'SAS SALM'),
('5943', 'P.L.M. s.r.l.'),
('5949', 'AIRONE SRL'),
('5951', 'HAFELE ITALIA SRL'),
('5960', 'MOBILTREVI Srl'),
('5966', 'COMPAB SRL'),
('5971', 'CELIO'),
('5983', 'SERESI ARREDOBAGNO  SNC'),
('599', 'MOVE S.P.A.'),
('6026', 'GAMMA CUCINE SNC'),
('6029', 'EL.GA SPA'),
('6056', 'STUDIOCREA   SRL'),
('6061', 'VAN OPSTAL & C.N.V./S.A'),
('6064', 'AKRON D.O.O.'),
('607', 'GIEMMEGI CUCINE SRL'),
('6074', 'LMC-ETS LEON MASSON ET CIE SAS'),
('608', 'MILL DUE ARREDAMENTI  SPA'),
('6086', 'B.E.C.A. SRL'),
('6087', 'WINIA  BV'),
('6089', 'POMA  SNC'),
('6091', 'NUOVO MOBILIFICIO DAL ZIN SRL'),
('6111', 'COPEMA  SRL'),
('6124', 'GELE S.A.'),
('6128', 'SOV ECLAIR'),
('6148', 'DERMOBIL  Srl'),
('6150', 'RAGNI SAURO'),
('6157', 'FOLLINA COMPONENTS SRL'),
('6183', 'LAMI SRL'),
('6222', 'CAF RAMBALDI SRL'),
('6239', 'DOWN STREET ELECTRICS LTD'),
('6242', 'ERNESTOMEDA Spa'),
('626', 'GATTO S.p.a.'),
('6283', 'TISETTANTA S.P.A.'),
('6284', 'CUCINESSE S.R.L.'),
('6296', 'SINCO SPA'),
('6306', 'ARTE DIFFUSION GMBH'),
('6336', 'ARCOBALENO SPA'),
('6362', 'BLOCH Srl'),
('6405', 'ROSSICAWS SRL'),
('6421', 'MARONESE INTERNATIONAL SPA'),
('6433', 'MAGNABOSCO SPA'),
('6434', 'BOFFI SPA'),
('6464', 'LINEA TRE SRL'),
('6470', 'A P M S.P.A.'),
('6472', 'ARREDO 3 SRL'),
('6488', 'STOSA SPA'),
('6493', 'RA.COM.  S.p.A.'),
('6496', 'FIAMBERTI SRL'),
('6499', 'NEOCOM FURNITURE FITTINGS'),
('6514', 'VENERAN MOBILI SRL'),
('6519', 'AXIA SRL'),
('6536', 'KA SHING (BUILDING MATERIALS)'),
('6537', 'ALTA S.r.l.'),
('6542', 'G.& F. Srl'),
('655', 'EUROMOBIL S.p.a.'),
('6561', 'MODACUCINA S.R.L.'),
('6562', 'MR.DOORS HOME DECOR INC.'),
('6569', 'DOIMO CUCINE SPA'),
('6588', 'MARCHIOL Spa'),
('6592', 'FA.MO.S  SaS di G.Painezza & C'),
('6604', 'PIROVANO SNC'),
('6609', 'EUROLUCI SNC'),
('6611', 'IN.EL.PI   SPA'),
('6615', 'CATTELAN ITALIA  SPA'),
('6618', 'SATURNO 87  SRL'),
('6632', 'FORT FIBRE OTTICHE SRL'),
('6634', 'FERRARI ILLUMINAZIONE SAS'),
('664', 'ARRITAL CUCINE S.p.a.'),
('6651', 'DIESIS SRL'),
('6654', 'ATRA CUCINE S.r.l.'),
('6663', 'MOBIL SPA'),
('6665', 'ASTOR MOBILI SRL'),
('6667', 'ESSEBI S.r.l.'),
('6696', 'FREITAS IRMAOS LDA'),
('6698', 'VERINOX  F.V.G.  SRL'),
('6701', 'RUED INC, EURODESIGN HOMES'),
('6709', 'AL.CA. SRL'),
('6710', 'MOBILIFICIO CAPUCCI s.r.l.'),
('6711', 'VERARDO S.P.A.'),
('6713', 'AL.ST. SNC'),
('6732', 'FORMA 2000 S.P.A.'),
('6733', 'ELVE SRL INDUSTRIA MOBILI'),
('6739', 'ARREDOCASA IN SAS'),
('6743', 'BARBERINI ALLESTIMENTI SRL'),
('6746', 'MIGROS GENOSSENSCHAFTS BUND'),
('6748', 'BERTI ORESTE & C. SNC'),
('6760', 'ROSSANA RB Srl'),
('6765', 'FALEGNAMI ITALIA srl'),
('6770', 'G.& F. SNC'),
('6774', 'PAVANELLO SRL'),
('6776', 'BALLABIO ELETTRO TV'),
('6778', 'FORESI MOBILI SRL'),
('6806', 'MARTIN ENZO'),
('6818', 'ALPLES-INDUSTRIA POHISTVA D.D.'),
('6825', 'VETRARTE ARREDOBAGNO SRL'),
('6827', 'PARISOT MEUBLES'),
('6840', 'FORMEL SRL'),
('6841', 'BATTAGLIA  Srl'),
('6844', 'SET IN SPA'),
('6847', 'BONACINA ROBERTO'),
('6848', 'GRUPO LUXIONA S.L.'),
('6852', 'MIRILAB ELETTRONICA S.r.l.'),
('6856', 'M.E.C.I. SRL'),
('6857', 'ELCIR S.A.L.'),
('6859', 'O.T.C  Sas'),
('6866', 'F.A.J. COMPONENTS GROUP SRL'),
('6878', 'IEZZI SRL'),
('6879', 'SULVAG SRL'),
('6913', 'MOB.VITALONI SNC'),
('6914', 'BRAVO s.r.l.'),
('6917', 'PADOVA STRUMENTI ELETTRICI srl'),
('6918', 'NAVA S.p.A.'),
('6921', 'FERRAMENTA BOCCINO SNC'),
('6924', 'ASK  Srl'),
('6929', 'C.M.B. S.R.L.'),
('6933', 'ARMOBIL s.p.a.'),
('6934', 'VIBO S.P.A.'),
('6940', 'ZURLO SRL'),
('6945', 'FERRAMENTA MANCINI S.R.L.'),
('6948', 'NICOLA PIETRO & C. snc'),
('6951', 'HASSAN ABUL WOOD WORKING'),
('6952', 'D-TRADE'),
('6960', 'IMA SYSTEM S.R.L.'),
('6966', 'GF FLORITELLI Srl'),
('6968', 'KMAZZOLA S.P.A.'),
('6969', 'NUOVA VITALI CUCINE s.r.l.'),
('6978', 'SIDERPLAST  s.r.l.'),
('6983', 'BERLONI SPA'),
('6985', 'LANDINI CUCINE  SRL'),
('6986', 'MOBILIFICIO FLORIDA SRL'),
('6991', 'GICINQUE  Spa'),
('6992', '4 EMME  SAS'),
('6995', 'BESANA  Srl'),
('7', 'ARC LINEA ARREDAMENTI S.p.a.'),
('7013', 'HOWDEN KITCHENS LIMITED'),
('7021', 'ALIAX A/S'),
('7035', 'DELLA TORRE GMBH'),
('7046', 'NISSMA AB'),
('7056', 'ARAN WORLD S.R.L.'),
('7060', 'COLOMBO ARREDI'),
('7070', 'KOHLER FRANCE'),
('7071', 'MARK2 DISTRIBUTION'),
('7075', 'ENRICO CANEPPELE GES.M.B.H.'),
('7076', 'PIOVANI SPA'),
('7077', 'H.G. TRADING INTERNATIONAL LTD'),
('7081', 'MASSIVE N.V S.A.'),
('7086', 'GEAN STYLE SRL'),
('7096', 'GRUPPO SPAR HOLDING S.P.A.'),
('7099', 'BARZAGHI STORE S.R.L.'),
('7104', 'COF DESIGN IN CUCINA'),
('7112', 'STELLATO SRL'),
('7116', 'SUN WAVE CORPORATION'),
('7118', 'TEPTA AYDINLATMA SAN VE TIC'),
('712', 'F.LLI MARMO Sas'),
('7124', 'LA FERRAMENTA S.R.L.'),
('7129', 'STACK S.R.L.'),
('7130', 'ZAMPIERI CUCINE S.R.L.'),
('7137', 'DELMONTE S.R.L.'),
('7149', 'MALETTI SPA'),
('7165', 'AS MOOBLFURNITUUR'),
('7170', 'MASSIVE NEDERLAND B.V.'),
('7173', 'GALLOTTI & RADICE srl'),
('7175', 'LUIGI POZZO  Spa'),
('7187', 'SMALLBONE & CO. LTD *********'),
('7204', 'CENTRO LUCE Srl'),
('7205', 'SCHWEITZER PROJECT SPA'),
('7212', 'DELLA VALENTINA OFFICE S.P.A.'),
('7214', 'MOBILI A&M 2 S.r.l.'),
('7223', 'UNIFOR SPA'),
('7228', 'C I G S.r.l.'),
('7229', 'TRIAL SRL'),
('7248', 'FORME ITALIA GROUP SRL'),
('7252', 'BARBATO MOBILI S.R.L.'),
('7254', 'WHIRLPOOL EUROPE s.r.l.'),
('7257', 'TRIVENETO CUCINE LTD'),
('7260', 'CERESIO ARREDAMENTI SRL'),
('7264', 'TWO CAPTAINS'),
('7273', 'IKEA SUPPLY AG'),
('7280', 'MENUISERIES DU CENTRE'),
('7283', 'ALIVAR SRL'),
('7286', 'L&S DEUTSCHLAND GMBH'),
('7289', 'PIASENTIN RITA'),
('7294', 'IONYX S.A.R.L'),
('7296', 'VOKE III'),
('7301', 'PAXTON SRL'),
('7303', 'UNO FORM'),
('7308', 'DI IORIO SRL'),
('7315', 'BLUE PROJECT S.R.L.'),
('7317', 'BESLAG DESIGN AB'),
('7318', 'TERZIOLGLOU M.-FRANSOUA'),
('7319', 'FLOU s.p.a.'),
('7325', 'ZACCARIOTTO MARIO S.P.A.'),
('7327', 'MAP ARREDAMENTI Srl'),
('7328', 'DMM S.P.A.'),
('7329', 'SPORTARREDO Spa'),
('7331', 'EMMEBI INDUSTRIA MOBILI SRL'),
('7333', 'DISPLAY SERVICE Srl'),
('7335', 'AGAPE s.r.l.'),
('7342', 'DAL TIO SRL'),
('7345', 'A&G BONTEMPI S.p.A.'),
('7350', 'EUROLUX INCASSO S.R.L.'),
('7351', 'TRE ELLE  Srl'),
('7352', 'FOURRIER PRODUCTIONS'),
('7353', 'PARAMOUNT KITCHENS(UK) LTD'),
('7357', 'COM.P.AR S.r.l.'),
('7361', 'MEDEA S.R.L.'),
('7363', 'MASEC CUCINE S.R.L.'),
('7368', 'GALLI EZIO SPA'),
('7369', 'LINEADECOR AHSAP URUNLERISANAY'),
('7372', 'NIKOS SOTIROPOULOS & SON S.A.'),
('7374', 'ROSET S.A.'),
('7376', 'EGIS CUCINE S.a.s.'),
('7379', 'GREGORUTTI FEDERICO'),
('7380', 'ASH MOURDOUKOUTAS'),
('7382', 'MAK MART ITALIA S.P.A.'),
('7384', 'GLASSTECH'),
('7386', 'NATUZZI S.P.A.'),
('7391', 'SANTOS LOPES & MARTINS, Lda'),
('7393', 'TECNOFORM S.p.A.'),
('7401', 'DAVID LANGE S.A.'),
('7404', 'MARIANI PLUS S.R.L.'),
('7405', 'SLIMPA S.p.A.'),
('7406', 'ARCA CAMPER S.p.A.'),
('7410', 'ACF INTERNATIONAL s.r.l.'),
('7411', 'ZANI RANZENIGO & C. SPA'),
('7412', 'C.T.C. CONSONNI CONTRACT SRL'),
('7415', 'CONTALDO SRL'),
('7417', 'MAZZALI S.p.A.'),
('7420', 'EUROTECNO SRL'),
('7422', 'CAMAGNI ARREDAMENTI S.R.L.'),
('7428', 'SONS of T. Reaidy & Co.SARL'),
('7437', 'MODULAR S.p.A.'),
('7443', 'FABER S.p.A.'),
('7444', 'CRC Srl'),
('7446', 'B&B ITALIA S.p.a.'),
('7447', 'VENETA CUCINE S.P.A.'),
('7451', 'ODAKO d.o.o.'),
('7453', 'IMAB GROUP SPA'),
('7458', 'GINOVA S.R.L.'),
('7459', 'CBE S.P.A.'),
('7461', 'IMEL S.R.L.'),
('7462', 'CUCINE LUBE S.R.L.'),
('7464', 'COLMAS s.r.l.'),
('7465', 'FLEX S.P.A.'),
('7466', 'LOGLI MASSIMO'),
('7468', 'HEVOLUS S.R.L.'),
('7470', 'BIAIS SAS'),
('7475', 'NICEM S.P.A.'),
('7476', 'EQUIPE S.r.l.'),
('7480', 'I 4 MARIANI s.p.a.'),
('7483', 'SEA S.P.A.'),
('7485', 'O.KITALIA SRL'),
('7489', 'SEGALA SRL'),
('7492', 'ACER SAS'),
('7496', 'ARREDAMENTI I.G.M. s.r.l.'),
('7502', 'MR LIGHTING'),
('7505', 'QK LTD'),
('7510', 'ALBATEC S.r.l.'),
('7512', 'MOBILIFICIO 2B SRL'),
('7520', 'MEREWAY LTD'),
('7528', 'A.B DISTRIBUTORS LIMITED'),
('7534', 'ARREDAESSE SRL'),
('7537', 'ARTECO S.r.l.'),
('7546', 'DE MARCHI ARREDAMENTI S.R.L.'),
('7548', 'SASSI ARREDAMENTI SRL'),
('7549', 'MAGNOLIA DUE SPA'),
('7552', 'NEUE MODULAR AG'),
('7553', 'PM PRODUCTION'),
('7556', 'ANDRUCCIOLI & PALAZZI SNC'),
('7558', 'HAFELE IRELAND LTD'),
('7565', 'SARDINHA & LEITE, S.A.'),
('7569', 'WIELAND ELECTRIC SRL'),
('7574', 'AVONDALE COACHCRAFT LTD'),
('7578', 'HARMONY YACHTS'),
('7580', 'ANTONELLOITALIA SRL'),
('7585', 'SEMP DIVISION SRL'),
('7586', 'THE LIGHTWORKS'),
('7593', 'ME CUBO S.N.C'),
('7595', 'REXEL ITALIA S.P.A.'),
('7596', 'HART WHOLESALE LTD'),
('7599', 'BINACCI ARREDAMENTI S.R.L.'),
('7600', 'EBBA HOUSE TRADING EST.'),
('7606', 'KONE INDUSTRIAL S.P.A'),
('7608', 'FOREGE'),
('7610', 'PERMASTEELISA INTERIORS S.r.l.'),
('7611', 'CARPENTERS CLASSICS INDIA PVT'),
('7615', 'BRENTALI GIANCARLO'),
('7616', 'CONSONNI INTERNAT.CONTRACT SRL'),
('7780', 'CMD LIMITED'),
('7800', 'CUISINES YOU'),
('7830', 'ETS PRIEUR'),
('7861', 'CUISINES DESIGN INDUSTRIES'),
('7870', 'NEVELT SAS'),
('7877', 'ALSAPAN'),
('7879', 'GM LIGHTING'),
('7881', 'GIRARDEAU'),
('7887', 'ROUX PRODUCTION'),
('7889', 'DAN KUECHEN'),
('7893', 'HAFELE AUSTRALIA PTY LTD'),
('79', 'G.&.D. ARREDAMENTI S.p.a.'),
('7901', 'MOEBELFABRIK FRAUBRUNNEN AG'),
('7902', 'HAMMONDS FURNITURE LTD'),
('7909', 'WENZEL S.R.O.'),
('7910', 'ERGONOM LIMITED'),
('7912', 'AMI POLSKA P. Z.O.O.'),
('7913', 'OOO ATLANT'),
('7916', 'IAN MOLLOY DISTRIBUTION LTD'),
('7917', 'KOTSIKOGIANNIS NIKOLAOS'),
('7919', 'WUERTH INTERNATIONAL AG'),
('7921', 'PALITRA'),
('7924', 'WILSON & BRADLEY'),
('7929', 'WATERFORD KITCHENS LTD'),
('7930', 'HAMPSHIRE LIGHTING CO'),
('7931', 'ELETTROMECCANICA GALLI ITALO'),
('7932', 'NINGBO FUTURE IMP & EXP CO.LTD'),
('7933', 'BAUTEK S.R.L.'),
('7934', 'GIDUE S.a.s'),
('7936', 'NEW TEC AUTOMATION SRL'),
('7940', 'MEDIA PROFILI s.r.l.'),
('7941', 'ZANNINI E. BRANCHESI F. S.n.c.'),
('7946', 'ARCADIA RASVETA D.O.O.'),
('7954', 'BASEART SRL'),
('7956', 'CAMPIA MICHELE'),
('7957', 'SISTEMITALIA GROUP S.r.l.'),
('796', 'A.L.F. UNO S.p.a.'),
('7965', 'AXIS CUCINE SRL'),
('7966', 'ESTEL OFFICE S.p.A.'),
('7975', 'NOBILI FERRAMENTA SRL'),
('7977', 'SCD'),
('7979', 'IDEALSEDIA S.R.L.'),
('7980', 'CANTIERI NAVALI BAGLIETTO SPA'),
('7981', 'ARCADIA SVETILA D.O.O.'),
('7982', 'COMECER S.p.A.'),
('7986', 'PRODOMO CUCINE S.R.L.'),
('7987', 'T.I.M. ARREDI ITALIA SRL'),
('7988', 'LOMAX SPA'),
('7990', 'KES DISTRIBUTION LIMITED'),
('7992', 'GRUPPO TARRINI SRL'),
('7994', 'FURCO FURNISHINGS LTD'),
('7997', 'NILO S.R.L.'),
('7999', 'DE MARCO S.R.L.'),
('8000', 'SPIGA S.R.L.'),
('8004', 'SARL ARELEC'),
('8005', 'SARL MOBILIEUR TURRINI'),
('8006', 'A.R.M.'),
('8007', 'HILL PANELS PRODUCT'),
('8008', 'ABENSAL L.L.C.'),
('801', 'LIEBHERR-HAUSGERATE LIENZ Gmbh'),
('8015', 'BLANDIN SAS'),
('8017', 'KONE Industrial Oy / NHE'),
('8019', 'THE BOXER BED COMPANY LTD'),
('8023', 'UWP DISTRIBUTION LTD'),
('8024', 'GANDIN ATTILIO'),
('8025', 'TELCAL S.R.L.'),
('8029', 'METALIKA S.R.L.'),
('8031', 'SIMALUX S.a.S.'),
('8033', 'VALDESIGN srl'),
('8034', 'KITCHEN ACCESSORIES LTD'),
('8037', 'AZZURRA SRL'),
('8040', 'KAROL SRL'),
('8041', 'JITONA A.S.'),
('8044', 'FORMABLE INDUSTRIAL LTD'),
('8048', 'MOBILIGHT'),
('8049', 'IDEA CASA'),
('8050', 'EFFEDUE MOBILI S.R.L.'),
('8051', 'FORCELLINI ALESSANDRO'),
('8053', 'HAFELE NEW ZEALAND Ltd'),
('8054', 'UAB FURNITANAS'),
('8055', 'LEMI SRL'),
('8057', 'AMBIENTE CUCINA LTD'),
('8058', 'PROFIL SERVICE'),
('8062', 'SOREC SAS'),
('8063', 'BERNARDI S.A.S.'),
('8064', 'RIGATOS KONSTANTINOS E.E.'),
('8065', 'BELLATO INTERNATIONAL S.R.L.'),
('8068', 'MAKKAREM AL-NUKHBA'),
('8070', 'PIKVAL OY'),
('8071', 'TTI GROUP'),
('8072', 'TENDER S.R.L.'),
('8074', 'EFI'),
('8075', 'ARRANT-LIGHT OY'),
('8077', 'DECOR DESIGN'),
('8081', 'ECTRATECH TRADING LLC'),
('8088', 'SYCAMORE LIGHTING LTD'),
('8089', 'OUEST PLACARD'),
('8092', 'THEOREMA ELECTRONICS SNC'),
('8102', 'IKEA SUPPLY AG'),
('8104', 'SAN TIZIANO S.R.L.'),
('8108', 'CARNERO MOBILI S.R.L.'),
('8111', 'P.S.A. s.r.l.'),
('8112', 'ARRETURCOM S.R.L.'),
('8115', 'CORVASCE SAVINO'),
('8118', 'EFFEBI SPA'),
('8121', 'IKEA SUPPLY AG'),
('8122', 'IKEA SUPPLY AG'),
('8123', 'IKEA SUPPLY AG'),
('8124', 'IKEA SUPPLY AG'),
('8125', 'IKEA SUPPLY AG'),
('8126', 'IKEA SUPPLY AG'),
('8127', 'VISUAL DISPLAY S.R.L.'),
('8128', 'BUILT-IN S.r.l.'),
('8129', 'TEKNIK S.R.L.'),
('8130', 'VALAUBRAC'),
('8131', 'ATOSINOX S.R.L.'),
('8132', 'METALSISTEM S.P.A.'),
('8135', 'GEROSA 2 S.A.S. di'),
('8136', 'HOTEL DA BRUNO S.A.S'),
('8137', 'PATT SPA'),
('8138', 'SNELL HABITAT S.P.A.'),
('8140', 'A.G.E ECLAIRAGE'),
('8141', 'CONTRACT SRL'),
('8142', 'COLETTI SRL'),
('8143', 'LS LIGHTING EQUIPMENT'),
('8144', 'MONTALBANO ALLESTIMENTI SRL'),
('8145', 'STORANI ALLUMINIO S.R.L.'),
('8146', 'STILELIBERO S.R.L.'),
('8148', 'C.S.C. SRL'),
('8150', 'KOUDOUNAS DIMITRI & CO O.E.'),
('8151', 'I.T.E.T. SYSTEMS S.R.L.'),
('8152', 'AND PROJECT S.R.L.UNIPERSONALE'),
('8153', 'ARCOM S.R.L.'),
('8154', 'IRIDE S.R.L.'),
('8156', 'BIANCOTTO LUCA & C. S.A.S.'),
('8157', 'RIVOLTA FRANCESCO'),
('8158', 'IDEA DESIGN INTERNATIONAL SNC'),
('8159', 'KITCHEN ACCESSORIES CENTER'),
('8163', 'ER SPA'),
('8164', 'WANZL ITALIA S.R.L.'),
('8165', 'FRUSCIO SRL'),
('8167', 'FRANCHINI LAMBERTO & C. S.P.A.'),
('8168', 'DE LUCCA VANIA'),
('8169', 'MECCANICA LIRION SAS'),
('817', 'COMPREX S.r.l.'),
('8171', 'SCATOLIFICIO ONDULKART SPA'),
('8172', 'CHILADAKIS S.A.'),
('8173', 'IMBOTTITI THEMA S.R.L.'),
('8174', 'HETTICH ITALIA S.R.L.'),
('8175', 'GRUPPOLICROMATICO S.N.C.'),
('8177', 'BASSANO GROUP SRL'),
('8179', 'RIGATO SRL'),
('8180', 'EFFEMME ALLESTIMENTI SRL'),
('8181', 'PLASTEC S.R.L.'),
('8182', 'ALUMODO SRL'),
('8183', 'IPAM COSMETIC CENTER SNC'),
('8184', 'CACCIAVILLANI SRL'),
('8185', 'FUTURA ELETTROTECNICA'),
('8186', 'MONTECAVI S.R.L.'),
('8188', 'DAVID & SEBASTIAN s.n.c.'),
('8189', 'BINACCI CENTRO CUCINE SRL'),
('8190', 'DIVINA s.r.l.'),
('8191', 'LA LUCE SRL'),
('8192', 'BICASA SRL'),
('8193', 'FORK LIFT SERVICE SNC'),
('8194', 'FUTURA CUCINE SRL'),
('8195', 'PROLUX VILAGITASTECHNIKAI KFT'),
('8197', 'PENNETTI PARQUET SAS'),
('8198', 'LA FORTEZZA S.P.A.'),
('8199', 'WINGS DI BUSETTI BORTOLO'),
('820', 'IDEA S.r.l.'),
('8201', 'GAMMA & BROSS SPA'),
('8202', 'FEP RIMONDI SPA'),
('8203', 'ARREDAMENTI NASCIMBEN L.S.R.L.'),
('8204', 'AREX SPA'),
('8205', 'GEOMETRIE S.R.L.'),
('8206', 'ROCCA ANTONIO'),
('8207', 'CA'' D''ORO SRL'),
('8209', 'SPAGNOLETTO FRANCO & C. S.a.s.'),
('8210', 'EURO WOOD FORNITURE S.R.L.'),
('8211', 'CAPPELLETTI SRL'),
('8212', 'PERUCH ERIKA'),
('8213', 'COLOMBO GIOVANNI'),
('8214', 'OMIS SERVICE S.R.L.'),
('8215', 'LINEA ZAPPA CONTRACT S.R.L.'),
('8216', 'DUE ESSE SNC'),
('8217', 'MARIN NICOLETTA'),
('8218', 'MABEL ARREDAMENTI SNC'),
('8219', 'ZANUSSI FRANCO'),
('8221', 'VITAL SNC'),
('8222', 'CAST PUBBLICITA'' snc'),
('8223', 'CORNITEC SRL'),
('8224', 'ARREDAMENTI P F Z srl'),
('8225', 'FANTUZZI LORENZO & C. SAS'),
('8226', 'DALLA COSTA DANIELA'),
('8227', 'HANCON INDUSTRIAL CO LTD'),
('8228', 'DANIELE BOLGAN FALEGNAME'),
('8229', 'SCHACHERMAYER d.o.o.'),
('8230', 'MF GROUP S.R.L.'),
('8233', 'CONTATTO S.R.L.'),
('8234', 'CS LUCE SRL'),
('8236', 'IKEA OF SWEDEN AB'),
('8237', 'MEPSYSTEM SPA'),
('8238', 'NATURE CONSOLIDATED'),
('824', 'COMEL SRL'),
('8240', 'LINEA ERRE CONTRACT S.R.L.'),
('8241', 'FIMMEL S.R.L.'),
('8243', 'MUSTER E DIKSON SPA'),
('8244', 'VE.AR VEGGETTI SPA'),
('8245', 'CEREDA ANITO SRL'),
('8246', 'ADM SRL'),
('8248', 'ARTHEMAGROUP S.R.L.'),
('8249', 'CONCRETA SRL'),
('8250', 'MONSUD S.P.A.'),
('8251', 'MOBILTURI SRL'),
('8252', 'MORETTI DESIGN SRL'),
('8253', 'CUBO DESIGN SRL'),
('8254', 'FABBI IMOLA SRL'),
('8255', 'LINEART SRL'),
('8256', 'MEUBLES SELTZ'),
('8258', 'PROMODAR SARL'),
('8259', 'KONE INDUSTRIAL KONCERN S.R.O.'),
('8260', 'RATIONAL EINBAUKUECHEN GMBH'),
('8261', 'CHARLES REMA'),
('8262', 'ELTRAS SRL'),
('8264', 'ERGON LTD'),
('8266', 'MVO LTD'),
('8270', 'GMV AMEUBLEMENT'),
('8271', 'AERRE SRL'),
('8272', 'TUTTO LUCE SRL'),
('8273', 'PUNTO LUCE SRL'),
('8276', 'IMECA S.R.L.'),
('8277', 'MARGARITELLI S.p.a'),
('8278', 'LUC ECLAIRAGE SARL'),
('8279', 'ORYON S.R.L.'),
('828', 'MESON''S CUCINE S.r.l.'),
('8280', 'CERIOTTI SRL'),
('8281', 'GIANNI GABUTTI ILLUMINAZIONE'),
('8282', 'DE&MA CUCINE SRL'),
('8283', 'ELETTROCENTO S.R.L.'),
('8284', 'COVRE MANIFATTURE SRL'),
('8286', 'MAURI ELETTROFORNITURE S.P.A.'),
('8287', 'MG S.R.L.'),
('8288', 'IXINA ITALIA SRL'),
('8289', 'CAFIM srl'),
('8290', 'NEGRI ILLUMINAZIONE SRL'),
('8291', 'ELAM SYSTEM S.R.L.'),
('8292', 'CIESSE SRL'),
('8293', 'NEW CRAZY COLORS SRL'),
('8294', 'MATTIAZZI SRL'),
('8298', 'LUCE E DESIGN SRL'),
('8299', 'OVERLITE S.R.L.'),
('8300', 'ARTEM'),
('8302', 'BODEMA SRL'),
('8303', 'BRALCO SRL'),
('8304', 'HAFELE AMERICA CO.'),
('8305', 'VI.MI. SRL'),
('8306', 'ELCA TECHNOLOGIES S.R.L.'),
('8307', 'LUCE IN SRL'),
('8308', 'MUNCHNER HYBRID SYSTEMT.GMBH'),
('8309', 'SIDA USA CORPORATION'),
('8310', 'ELETTROMEGA SYSTEM S.R.L.'),
('8311', 'METROCUBO S.R.L.'),
('8312', 'THERMO GLASS DOOR SPA'),
('8313', 'METAL SPOT SPA'),
('8314', 'BEDDING SNC'),
('8317', 'INTERNAT.PRODIMEX GROUP SRL'),
('8318', 'CEAN COMPANY SPA'),
('8319', 'PELLY INDUSTRI AB'),
('8320', 'L''ELETTRICA S.R.L.'),
('8321', 'GRAND OUEST ECLAIRAGE'),
('8324', 'TORSTEN GROEGER'),
('8325', 'ANDREAS FROWEIN'),
('8326', 'TECNOINOX S.r.l.'),
('8327', 'LIVINGART KITCHENS INC.'),
('8328', 'HL DISPLAY AB'),
('8329', 'ITAB SHOP CONCEPT'),
('833', 'BAMAX S.r.l.'),
('8330', 'GROUPE ALLIBERT'),
('8332', 'ABACO FORNITURE S.R.L.'),
('8333', 'FACTORY SPACE'),
('8334', 'F.LLI VERGANI 2 SRL'),
('8335', 'EVET DESIGN Oy'),
('8336', 'CALLESELLA SRL'),
('8337', 'STILLUCE SRL'),
('8338', 'VEZZOSI ARREDAMENTI S.R.L.'),
('8339', 'SACEA INDUSTRIE SRL'),
('8340', 'MERMILLOD & PORRET'),
('8342', 'NOVA SRL*********************'),
('8343', 'CENTROLUCE SNC'),
('8344', 'CLARO DI MONACO CLAUDIO & C.'),
('8346', 'FOROX'),
('8347', 'MOLTENIMOBILI DI ANGELO -'),
('8348', 'HAMMER SRL'),
('8349', 'L.M.P.A. SRL-F.LLI BUDAI'),
('8350', 'MARKETING & TRADE S.R.L.'),
('8352', 'DE PALO DOMENICO'),
('8355', 'BONOR SAS'),
('8359', 'BONACINA INTERIORS SRL'),
('8360', '"CONCORDIA TRES ""93"" HFT"'),
('8361', 'FALPER SRL'),
('8363', 'INTEGRA SRL'),
('8364', 'BORGO ANTICO S.R.L.'),
('8365', 'DEMOS TRADE, A.S.'),
('8366', 'EKIN SRL'),
('8367', 'FORESTI & SUARDI S.P.A.'),
('8369', 'BUONAMASSA SAICA'),
('8370', 'GLASS&GLASS SRL'),
('8371', 'ARTURO SALICE S.p.A.'),
('8372', 'OMNITECH SRL'),
('8374', 'MINELLI SPA'),
('8375', 'PUUME OY'),
('8377', 'PIDO SHOP CONCEPT AB'),
('8378', 'SIA STUDIO CEE'),
('8379', 'WESTERN LIGHTS'),
('8380', 'CNC AMBIENTAZIONI E ARREDI SRL'),
('8381', 'ARTE MOBILI SRL'),
('8382', 'LEADER CUCINE SRL'),
('8383', 'TOMMASI S.R.L.'),
('8384', 'ROBOTS SPA'),
('8386', 'ATENA C96 SRL'),
('8387', 'ROCHES AGENCEMENT'),
('8388', 'FARAM SPA'),
('8390', 'I.M.E.C. S.R.L.'),
('8391', 'FLOREDA GROUP'),
('8392', 'LINEA EFFE SRL'),
('8393', 'MARCANTONIO SRL'),
('8394', 'F.ART ILLUMINAZIONE SNC'),
('8395', 'INDA S.R.L.'),
('8396', 'MARZIALI MAURIZIO'),
('8399', 'TOTAL SOLUTIONS INTERIORS SRL'),
('840', 'PRESOTTO INDUSTRIE MOBILI SPA'),
('8400', 'DESIGN SPACE'),
('8401', 'BATTAGLIA SRL'),
('8402', 'PRO-SYSTEM S.R.L.'),
('8404', 'SARNO DISPLAY SRL'),
('8406', 'ARREDOLEGNO SRL'),
('8408', 'VALOARTE OY'),
('8409', 'ORDONSELLI SEVERINO'),
('8410', 'EMC BERTI S.R.L.'),
('8411', 'POPULIN STEFANO'),
('8412', 'ZG GROUP SRL'),
('8413', 'ZAF S.P.A.'),
('8414', 'SOCIETA'' UNO S.A.S.'),
('8416', 'TURRI E BOARI SNC'),
('8417', 'GUSSO GIANNI AUTOBAR'),
('8418', 'TMP D.O.O.'),
('8419', 'LEGNOX S.P.A.'),
('8422', 'V.P.A. SRL A SOCIO UNICO'),
('8423', 'SEPAQ'),
('8424', 'GROSSI LAMIERE S.R.L.'),
('8425', 'LUKS d.o.o.'),
('8426', 'SACCHI GIUSEPPE S.P.A.'),
('8427', 'IKD Inc.'),
('8428', 'ELECTRONIC CENTER SPA'),
('8429', 'STIGLIANI HOME DESIGN SRL'),
('8430', 'KAMAL BROTHERS'),
('8431', 'PANZERA EGIDIO'),
('8432', 'PAL MAR D.O.O.'),
('8433', 'DRIADE S.P.A.'),
('8434', 'OOO PLATAN'),
('8435', 'VUEMME SRL'),
('8436', 'FABRIKA ZETTA, LTD'),
('8437', 'JAMES THEOBALD LTD'),
('8438', 'SALMOIRAGHI & VIGANO S.P.A.'),
('8439', 'BRENTANA SA'),
('8440', 'HERBERT DIRECT LTD'),
('8441', 'ALTERNATIVE PLANS'),
('8442', 'ARKEN S.P.A.'),
('8443', 'ILLUMINA S.R.L.'),
('8444', 'BONINI GIUSEPPE'),
('8445', 'OVERSEA S.P.A'),
('8446', 'DESI S.R.L.'),
('8447', 'ATA CUCINE S.R.L.'),
('8448', 'LISAR SPA'),
('8449', 'EASY LIVING SPA'),
('8450', 'ARCA CONTRACT S.P.A.'),
('8451', 'ARREDOQUATTRO INDUSTRIE S.P.A.'),
('8452', 'MOBILIFICIO DALL''ANESE S.N.C.'),
('8453', 'L&Q S.C.P.A.'),
('8454', 'FERRAMENTA ROSSI S.R.L.'),
('8455', 'GROTTINI SRL'),
('8456', 'EFFEDUE SRL'),
('8457', 'S.A.I.E. SRL'),
('8458', 'ITALDESIGN S.R.L.'),
('8459', 'T.T.S.DEBELLIS DANIELE E C.SAS'),
('8460', 'SB DESIGN'),
('8461', 'SALT INTERNATIONAL CORP.'),
('8462', 'HORM 1989 SRL'),
('8463', 'DEKOR ITALIA S.A.S.'),
('8464', 'POSSONI ILLUMINAZIONE SNC'),
('8465', 'POLISPORTIVA ALBERGO DEL TONGO'),
('8466', 'ADIELLE SRL'),
('8467', 'ELLEBI VETTOREL GIANCARLA SRL'),
('8468', 'CAIMI BREVETTI SPA'),
('8470', 'JORDAN WOOD INDUSTRIES COMPANY'),
('8471', 'NORTH OCEAN ENTERPRISES LLC'),
('8472', 'MARINELLI CUCINE S.R.L.'),
('8473', 'CRESSENT'),
('8474', 'KDESIGN S.R.L.'),
('8475', 'HAFELE CANADA,INC.'),
('8476', 'AKYOL MOBILYA SAN.TIC.LTD.ST'),
('8478', 'M.W.SRL'),
('8479', 'ANCONA D.O.O.'),
('8480', 'FERRAMENTA MODERNA S.N.C.'),
('8482', 'LAPOUPEE HOME FASHION'),
('8485', 'C.M. S.P.A.'),
('8486', 'BERTACCHI GIUSEPPE'),
('8488', 'BALTECO MOOBEL OU'),
('8489', 'MARTINI MOBILI SRL'),
('8490', 'CO.MA.FER. FERRAMENTA S.P.A.'),
('8492', 'PROJECT 2000 SRL'),
('8494', 'HAFELE DE MEXICO S.A. DEL C.V.'),
('8495', 'BEIERSDORF SPA'),
('8496', 'EIKON STUDIO LUCE SNC'),
('8497', 'MAKRO SRL'),
('8498', 'VIGANO'' SRL'),
('8499', 'GACAFERI MOBILJE'),
('85', 'FLORIDA CUCINE S.P.A.'),
('8500', 'ARREDOTECH SRL'),
('8501', 'DELTECH UK LTD'),
('8502', 'TH EHF'),
('8503', 'JET PRESS LTD'),
('8504', 'IMB SRL**********************'),
('8506', 'IMAB CUCINE SRL'),
('8507', 'MERATI DESIGN SRL'),
('8508', 'COMERCIAL XOIVAN,SL'),
('8509', 'PRECISION-'),
('8510', 'CIMADOM S.R.L.'),
('8511', 'FEBAL CUCINE S.P.A.'),
('8512', 'HEILIGE FAMILIE VON NAZARETH'),
('8513', 'FOUSSIER'),
('8515', 'INDESIT COMPANY SPA'),
('8517', 'SOLUZIONI TECNOLOGICHE S.A.S.'),
('8518', 'COMOLI FERRARI & C. S.P.A.'),
('8519', 'G&G SRL'),
('8520', 'MUCCINI MARIO'),
('8521', 'FLAVIO FAVERO'),
('8522', 'NEOSET S.A.'),
('8523', 'DOMICILE IMPORT EXPORT LTD'),
('8524', 'PELLY BUTIKSINREDNIGAR AB'),
('8525', 'ITALIAN DESIGN AS'),
('8526', 'TECNOS S.C.R.L.'),
('8527', 'LDL COMPONENTS LTD'),
('8528', 'SWC HUMPHERSON (HOLDINGS) LTD'),
('8529', 'ACAR MERMER SAN. TIC. LTD.STI'),
('8532', 'ORBELL ELECTRICITY IMPORT'),
('8535', 'SIL FIM SRL'),
('8536', 'MINOTTI CUCINE SRL'),
('8538', 'INOXFIM SRL'),
('8540', 'QAMA SAS'),
('8541', 'EGDL S.A.'),
('8542', 'DEKKER ZEVENHUIZEN B.V.'),
('8544', 'ECZACIBASI YAPI GERECLERI'),
('8550', 'LOUISIANE LOUDEAC'),
('8551', 'CBELUX S.P.A.'),
('8552', 'SLM GROUP SRL'),
('8553', 'IPPOLITI GIORGIO'),
('8554', 'SIDAC NORD SRL'),
('8555', 'BINACCHI ARREDAMENTI S.R.L.'),
('8556', 'SANCHI GIANLUCA'),
('8557', 'DOIMO MIS S.R.L.'),
('8558', 'GRUTTADAURIA MARCO'),
('8561', 'NUOVA MODERNINDUSTRIA DESIGN'),
('8562', 'FERRAMENTA MAMELI S.r.l.'),
('8563', 'DE RIGO REFRIGERATION S.R.L.'),
('8564', 'DATACOL SRL'),
('8565', 'F.LLI MEAZZA S.R.L.'),
('8566', 'DE ROSSO SPA'),
('8567', 'OSSICOLOR S.R.L.'),
('8568', 'CHIRICO PAOLA'),
('8571', 'CINEX LAB SRL'),
('8573', 'SB TECHNOLOGIES S.N.C.'),
('8574', 'CAMAGNI S.R.L.'),
('8575', 'DEIKA s.r.l.'),
('8576', 'TAKE TWO KITCHENS LTD'),
('8578', 'ERRE ZETA DI ZANESI ROBERTO &'),
('8579', 'FERRAMENTA BERTI SRL'),
('8581', 'SOLO LIGHTING SOLUTIONS'),
('8583', 'DINAMIKA SRL'),
('8584', 'MARCO ROSA'),
('8585', 'DS S.R.L. UNIPERSONALE'),
('8586', 'DIALOG LTD'),
('8587', 'NEA SRL'),
('8588', 'SIA FINIERI'),
('8591', 'ARFOBLU SRL'),
('8592', 'ARCA CUCINE ITALIA SRL'),
('8593', 'MEBPRODUCT LTD.'),
('8594', 'KONE INDUSTRIAL OY'),
('8595', 'NUOVA F.B.M. SRL'),
('8596', 'MOBILPREF SPA'),
('8597', 'TECNA SPA'),
('8599', 'G R GIACONI E RAPONI SRL'),
('8600', 'YATEEM DEBBAS BAHRAIN W.L.L'),
('8602', 'EPCOT DESIGN LTD'),
('8606', 'FERRIDEA S.R.L.'),
('8607', 'NETSERVICE S.R.L.'),
('8608', 'SERVICIOS SURAMISH C.A'),
('8609', 'KAPPA KITCHEN SRL'),
('8611', 'ANGUINI NADIA'),
('8612', 'GIOVANNI VISENTIN S.R.L.'),
('8614', 'BOLZONELLO IVANO'),
('8616', 'LEITNER ELECTRO SRL'),
('8618', 'DEBBAS PRIME SOLUTIONS (P) LTD'),
('8620', '"OOO ""FURNITURA DLJA"'),
('8621', 'ILLUMINARE SRL'),
('8622', 'MATULLI COSTANTINO'),
('8623', 'METALBAGNO SRL'),
('8625', 'SICC SPA'),
('8626', 'FERRAMENTA PULITA GIOVANNI'),
('8628', 'PIEMME1 SRL'),
('8629', 'FALMA ITALIA INTERIORS SRL'),
('8630', 'BIANCHINI S.R.L.'),
('8631', 'CARPANELLI SPA'),
('8632', 'GIANNI BUSINESS LTD'),
('8633', 'WOODFIT LTD'),
('8634', 'PANLES KUHINJE d.o.o.'),
('8635', 'ELEA S.p.A.'),
('8637', 'PROAL S.R.L.'),
('8638', 'IGM NV/SA'),
('868', 'BIEFBI S.p.a.'),
('8700', 'CUISINES KOCHER'),
('8701', 'BRANCATO LUCA GIUSEPPE'),
('8702', 'MOBILI FRISINA S.R.L.'),
('8703', 'ARCHA SRL'),
('8709', 'GAUTIER FRANCE SA'),
('8711', 'S.G.F. SRL'),
('8800', 'LE MEUBLIER PARMENTIERIE'),
('8801', 'AMARILIS'),
('8802', 'DECOTEC'),
('8803', 'CLANDVIK'),
('8804', 'RENE BIDET FABRICANT'),
('8805', 'PRIMA COMMERCE D.o.o.'),
('8806', 'STOCKMANN OYJ ABP'),
('8810', 'L&S LIGHTING CORP.'),
('8811', 'CREABOIS'),
('8813', 'WM 88'),
('885', 'CESAR ARREDAMENTI S.p.a.'),
('8901', 'SFP PHILIBERT'),
('8999', 'FRITSCH-ASSOCIES'),
('9099', 'NOVALAMP FRANCE'),
('9100', 'ETALUTIL SA'),
('9105', 'HANSLOPE DISTRIBUTION LTD'),
('9110', 'COMECER SPA'),
('9112', 'SOCIETE LEGALLAIS'),
('9113', 'ROMERI ARREDAMENTI'),
('9114', 'LAS MOBILI S.R.L.'),
('9115', 'KANTI UKRAINE LLC'),
('9120', 'MUNICCHI CUCINE SRL'),
('9121', 'SOUTH WEST SUPPLIES'),
('9122', 'STEEL TIME SPA'),
('9123', 'LAPEYRE'),
('9124', 'AJP CONCEPT'),
('9126', 'QUARLEY TRADING LTD'),
('9127', 'FANFANI BANDINELLI S.R.L.'),
('9128', 'S.B.LUX ILLUMINOTECNICA'),
('9129', 'SNAIDERO USA CORPORATE'),
('9130', 'HABITAT ITALIANA SRL'),
('9131', 'BAGNO & CO S.R.L.'),
('9132', 'DUEGI SRL'),
('9136', 'CURTO CONTRACT SRL'),
('9137', 'EUROFOURS'),
('9138', 'NILO SRL'),
('9139', 'IQ SRL'),
('9140', 'BURCRIDGE LTD'),
('9141', 'TRADING GROUP S.R.L.'),
('9142', 'CONTIGIANI MOBILI'),
('9143', 'ARREDI S.R.L.'),
('9144', 'TRECI S.R.L.'),
('9145', 'MIN-TEC INDUSTRIALE SRL'),
('9146', 'REMATARLAZZI SPA'),
('9148', 'GI.PA. ILLUMINA S.R.L.'),
('9149', 'GATTI PAOLO SNC'),
('9150', 'STUDIO 3 B S.R.L.'),
('9151', 'CUBO DESIGN S.R.L.'),
('9153', 'MUTEC S.R.L.'),
('9155', 'ENNE DI LUIGI STRAPPINI'),
('9156', 'GRUPO MUEBLETECH, C.A'),
('9157', 'INTERNA COLLECTION S.R.L.'),
('9158', 'E.I.C.A. ECLAIRAGE'),
('9159', 'F.LLI DEL PRETE PREFABBRICATI'),
('9160', 'DUERRE SRL'),
('9165', 'UFRA SAS'),
('9166', 'CENTRO FERRAMENTA SRL'),
('9168', 'KREA S.R.L.'),
('9169', 'INTRAC S.P.A.'),
('9171', 'ROSSETTI ARREDO C.A.'),
('9173', 'S. & P. Srl'),
('9176', 'BVA DESIGN S.R.L.'),
('9180', 'LEGNOTECNICA S.R.L.'),
('9182', 'Deco Design Interior Srl'),
('9184', 'PORADA ARREDI SRL'),
('9187', 'GC 1922 CONTRACT SRL'),
('9190', 'Elter Ltd'),
('9191', 'SKARTADOS DIMITRIOS'),
('9192', 'SARL VERNASSA ELECTRICITE'),
('9193', 'IDEAL MEBEL LDT'),
('9194', 'Schindler Elettronica S.A.'),
('9196', 'EWE KÜCHEN GMBH'),
('9197', 'SINETICA INDUSTRIES SRL'),
('9198', 'MALESCI SERVICE S.A.S'),
('9199', 'I.C.M. S.p.A.'),
('9201', 'ANUBIAS SOCIETA'' AGRICOLA S.S.'),
('9202', 'ETS MINET ETABLISSEMENT SAS'),
('9203', 'ANUBIAS DI CASTALDINI MAURIZIO'),
('9204', 'PESSOTTO RETI SRL'),
('9205', 'INDUSTRIE MIO DINO SRL'),
('9206', 'ZAMA SRL'),
('9208', 'MOBLEGAL, S.L.'),
('9209', 'RECORD E'' CUCINE SRL'),
('9210', 'LOGOS, S.COOP.'),
('9211', 'CASTELLI LUCIANO'),
('9212', 'XEY Corporación Empresarial.s.'),
('9213', 'FGM S. COOP'),
('9214', 'HISPANO DANESA DE COCINAS S.L'),
('9215', 'THE SYMPHONY GROUP PLC'),
('9216', 'REAL CONSULTING INT.'),
('9217', 'MUEBLES DICA SL'),
('9218', 'BOSSIA, S.A.'),
('9220', 'RH COCINAS'),
('9221', 'STIGLIANO SAS'),
('925', 'GALLIS S.A.'),
('941', 'ARBI ARREDOBAGNO SRL'),
('945', 'GIACOMELLI ARREDAMENTI s.r.l.'),
('966', 'HOMES S.P.A.'),
('97', 'JULIA ARREDAMENTI  Spa'),
('983', 'BARON INDUSTRIES SRL');

-- --------------------------------------------------------

--
-- Struttura della tabella `diba`
--

CREATE TABLE IF NOT EXISTS `diba` (
  `nome_prodotto` varchar(50) COLLATE utf8_bin NOT NULL COMMENT 'nome prodotto',
  `ordine` int(11) NOT NULL COMMENT 'ordine in sequenza diba',
  `codice_componente` varchar(13) COLLATE utf8_bin NOT NULL COMMENT 'codice del componente',
  `descrizione_di_massima_componente` varchar(50) COLLATE utf8_bin NOT NULL COMMENT 'descrizione di massima del componente',
  `UM` varchar(3) COLLATE utf8_bin NOT NULL COMMENT 'unità di misura componente',
  `quantita` int(11) NOT NULL COMMENT 'quantità di utilizzo',
  `inizio_validita` date NOT NULL COMMENT 'inizio validità utilizzo del componente',
  KEY `ordine` (`ordine`),
  KEY `nome_prodotto` (`nome_prodotto`)
) ENGINE=InnoDB DEFAULT CHARSET=utf8 COLLATE=utf8_bin COMMENT='DIBA prodotto lineare';

--
-- Dump dei dati per la tabella `diba`
--

INSERT INTO `diba` (`nome_prodotto`, `ordine`, `codice_componente`, `descrizione_di_massima_componente`, `UM`, `quantita`, `inizio_validita`) VALUES
('MANILA', 10, '40211171200', 'Profilo in alluminio', 'PZV', 1, '2012-11-19'),
('MANILA', 40, '81900361000', 'Testate', 'PZ', 2, '2012-11-19'),
('MANILA', 50, '81102990100', 'Etichetta logo testata', 'PZ', 1, '2012-11-19'),
('MANILA', 60, '81900561000', 'Fermacavo', 'PZ', 2, '2012-11-19'),
('MANILA', 70, 'F01010500414', 'Vite fermacavo', 'PZ', 2, '2012-11-19'),
('MANILA', 110, '81106000100', 'Etichetta imballo singolo', 'PZ', 1, '2012-11-19'),
('MANILA', 120, '81106020100', 'Etichetta imballo multiplo', 'PZ', 1, '2012-11-19'),
('MANILA', 130, '81115291000', 'Etichetta dati di targa', 'PZ', 1, '2012-11-19'),
('MANILA', 140, '81115341000', 'Etichetta marchio ETL', 'PZ', 1, '2012-11-19'),
('MANILA', 150, '81115361000', 'Etichetta ETL bandiera incasso', 'PZ', 1, '2012-11-19'),
('MANILA', 160, '81110391000', 'Etichetta ETL bandiera per incasso', 'PZ', 1, '2012-11-19'),
('MANILA', 170, '81110621000', 'Etichetta selezione colore', 'PZ', 1, '2012-11-19'),
('MANILA', 11, '40211602000', 'Supporto in alluminio per motore LED REEL', 'PZV', 1, '2012-11-29'),
('MALINDI', 10, '40211351200', 'PROF.MALINDI L=4300mm ANODIZZATO', 'PZV', 1, '2013-04-16'),
('MALINDI', 11, '40211602000', 'PROF.REEL PLATE I L=4300mm GREZZO', 'PZV', 1, '2013-04-16'),
('MALINDI', 60, '81900561000', 'FERMACAVO PRODOTTI LED-HE', 'PZ', 2, '2013-04-16'),
('MALINDI', 70, 'F01010500414', 'VITE AUTOFIL. 2,9x6,5mm TSP', 'PZ', 2, '2013-04-16'),
('MALINDI', 110, '81106000100', 'ETIC.IMB.SING. 75x45 PROD. CE', 'PZ', 1, '2013-04-16'),
('MALINDI', 120, '81106020100', 'ETIC.IMB.MULT.100x80 PROD. CE', 'PZ', 1, '2013-04-16'),
('MALINDI', 130, '81115891000', 'ETIC.13x70 DATI TARGA MALINDI/.in NO ENE', 'PZ', 1, '2013-04-16'),
('MALINDI', 140, '81115341000', 'ETIC.13x70mm  MARCHIO ETL', 'PZ', 1, '2013-04-16'),
('MALINDI', 150, '81115361000', 'ETIC.70x13mm ETL BANDIERA INCASS', 'PZ', 1, '2013-04-16'),
('MALINDI', 160, '81110391000', 'ETIC.13x35mm ''12VDC MAX1,5A''', 'PZ', 1, '2013-04-16'),
('MALINDI', 170, '81110621000', 'ETIC.15x8 SELEZIONE COLORE LED', 'PZ', 1, '2013-04-16'),
('LUGANO', 10, '40211411200', 'PROF.GENEVE - LUGANO L=4300mm ANODIZZATO', 'PZV', 1, '2013-04-17'),
('LUGANO', 11, '40211602000', 'PROF.REEL PLATE I L=4300mm GREZZO', 'PZV', 1, '2013-04-17'),
('LUGANO', 40, '40402811000', 'TESTATA INTERNA SX LUGANO', 'PZ', 1, '2013-04-17'),
('LUGANO', 41, '40402821000', 'TESTATA SX LUGANO', 'PZ', 1, '2013-04-17'),
('LUGANO', 42, '40402831000', 'TESTATA DX LUGANO', 'PZ', 1, '2013-04-17'),
('LUGANO', 60, '81900561000', 'FERMACAVO PRODOTTI LED-HE', 'PZ', 2, '2013-04-17'),
('LUGANO', 70, 'F01010500414', 'VITE AUTOFIL. 2,9x6,5mm TSP', 'PZ', 2, '2013-04-17'),
('LUGANO', 71, '81000840000', 'CONFEZIONE 4CLIPS GENEVE - LUGANO', 'PZ', 1, '2013-04-17'),
('LUGANO', 72, '50200130100', 'DIMA GENEVE - LUGANO', 'PZ', 2, '2013-04-17'),
('LUGANO', 110, '81106000100', 'ETIC.IMB.SING. 75x45 PROD. CE', 'PZV', 1, '2013-04-17'),
('LUGANO', 120, '81106020100', 'ETIC.IMB.MULT.100x80 PROD. CE', 'PZV', 1, '2013-04-17'),
('LUGANO', 130, '81116061000', 'ETIC.13x70mm DATI DI TARGA LUGANO NO ENE', 'PZ', 1, '2013-04-17'),
('LUGANO', 140, '81115341000', 'ETIC.13x70mm  MARCHIO ETL', 'PZ', 1, '2013-04-17'),
('LUGANO', 150, '81115361000', 'ETIC.70x13mm ETL BANDIERA INCASSO', 'PZ', 1, '2013-04-17'),
('LUGANO', 160, '81110391000', 'ETIC.13x35mm ''12VDC MAX1,5A''', 'PZ', 1, '2013-04-17'),
('LUGANO', 170, '81110621000', 'ETIC.15x8 SELEZIONE COLORE LED', 'PZ', 1, '2013-04-17'),
('BALI', 10, '40210081200', 'PROFILO BALI L=4300mm', 'PZV', 1, '2013-04-22'),
('BALI', 40, '81900371000', 'TESTATA BALI', 'PZ', 2, '2013-04-22'),
('BALI', 60, '81900561000', 'FERMACAVO PRODOTTI LED-HE', 'PZ', 2, '2013-04-22'),
('BALI', 70, 'F01010500414', 'VITE AUTOFIL. 2,9x6,5mm TSP', 'PZ', 2, '2013-04-22'),
('BALI', 110, '81106000100', 'ETIC.IMB.SING. 75x45 PROD. CE', 'PZV', 1, '2013-04-22'),
('BALI', 120, '81106020100', 'ETIC.IMB.MULT.100x80 PROD. CE', 'PZV', 1, '2013-04-22'),
('BALI', 130, '81115301000', 'ETIC.13x70mm  DATI DI TARGA BALI ENEC', 'PZ', 1, '2013-04-22'),
('BALI', 140, '81115341000', 'ETIC.13x70mm  MARCHIO ETL', 'PZ', 1, '2013-04-22'),
('BALI', 150, '81115361000', 'ETIC.70x13mm ETL BANDIERA INCASSO', 'PZ', 1, '2013-04-22'),
('BALI', 160, '81110391000', 'ETIC.13x35mm ''12VDC MAX1,5A''', 'PZ', 1, '2013-04-22'),
('BALI', 170, '81110621000', 'ETIC.15x8 SELEZIONE COLORE LED', 'PZ', 1, '2013-04-22'),
('BALI', 11, '40211602000', 'PROF.REEL PLATE I L=4300mm GREZZO', 'PZV', 1, '2013-04-23'),
('MALINDI', 131, '81110391000', 'ETIC.13x35mm ''12VDC MAX1,5A''', 'PZ', 1, '2013-05-03');

-- --------------------------------------------------------

--
-- Struttura della tabella `diba_produzione`
--

CREATE TABLE IF NOT EXISTS `diba_produzione` (
  `ordine_cliente` varchar(7) COLLATE utf8_bin NOT NULL COMMENT 'numero ordine cliente',
  `riga_ordine_cliente` int(11) NOT NULL COMMENT 'riga ordine cliente. Sarà il mio production number di riferimento',
  `codice_PF_finale` varchar(13) COLLATE utf8_bin NOT NULL COMMENT 'codice articolo PF attribuito al prodotto',
  `posizione_diba` int(11) NOT NULL COMMENT 'posizione del componente in diba',
  `codice_componente` varchar(13) COLLATE utf8_bin NOT NULL COMMENT 'codice articolo componente ',
  `descrizione_componente` varchar(150) COLLATE utf8_bin NOT NULL COMMENT 'descrizione di massima di quel codice componente',
  `UM` varchar(3) COLLATE utf8_bin NOT NULL COMMENT 'unità di misura',
  `qta` float NOT NULL COMMENT 'quantità riferita per la produzione di un singolo pezzo',
  `data_inserimento` date NOT NULL COMMENT 'data produzione',
  KEY `ordine_cliente` (`ordine_cliente`),
  KEY `codice_componente` (`codice_componente`),
  KEY `data_inserimento` (`data_inserimento`)
) ENGINE=InnoDB DEFAULT CHARSET=utf8 COLLATE=utf8_bin COMMENT='Elenco di tutte le diba di produzione';

-- --------------------------------------------------------

--
-- Struttura della tabella `diba_tecnica`
--

CREATE TABLE IF NOT EXISTS `diba_tecnica` (
  `ordine_cliente` varchar(7) COLLATE utf8_bin NOT NULL COMMENT 'numero ordine cliente',
  `riga_ordine_cliente` int(11) NOT NULL COMMENT 'riga ordine cliente. Sarà il mio production number di riferimento',
  `codice_PF_finale` varchar(13) COLLATE utf8_bin NOT NULL COMMENT 'codice articolo PF attribuito al prodotto',
  `posizione_diba` int(11) NOT NULL COMMENT 'posizione del componente in diba',
  `codice_componente` varchar(13) COLLATE utf8_bin NOT NULL COMMENT 'codice articolo componente ',
  `descrizione_componente` varchar(150) COLLATE utf8_bin NOT NULL COMMENT 'descrizione di massima di quel codice componente',
  `UM` varchar(3) COLLATE utf8_bin NOT NULL COMMENT 'unità di misura',
  `qta` float NOT NULL COMMENT 'quantità riferita per la produzione di un singolo pezzo',
  `data_inserimento` date NOT NULL COMMENT 'data produzione',
  KEY `ordine_cliente` (`ordine_cliente`),
  KEY `codice_componente` (`codice_componente`),
  KEY `data_inserimento` (`data_inserimento`)
) ENGINE=InnoDB DEFAULT CHARSET=utf8 COLLATE=utf8_bin COMMENT='Elenco di tutte le diba di produzione';

-- --------------------------------------------------------

--
-- Struttura della tabella `esclusioni_barra_led_prodotto_lineare`
--

CREATE TABLE IF NOT EXISTS `esclusioni_barra_led_prodotto_lineare` (
  `prodotto_lineare` varchar(50) COLLATE utf8_bin NOT NULL COMMENT 'prodotto lineare',
  `codice_barra_led` varchar(11) COLLATE utf8_bin NOT NULL COMMENT 'codice articolo barra led',
  `data_inserimento` date NOT NULL COMMENT 'data inserimento',
  PRIMARY KEY (`prodotto_lineare`,`codice_barra_led`),
  KEY `codice_barra_led` (`codice_barra_led`)
) ENGINE=InnoDB DEFAULT CHARSET=utf8 COLLATE=utf8_bin COMMENT='Associazione per ogni codice barra led l''esclusione di utilizzo per i prodotti';

--
-- Dump dei dati per la tabella `esclusioni_barra_led_prodotto_lineare`
--

INSERT INTO `esclusioni_barra_led_prodotto_lineare` (`prodotto_lineare`, `codice_barra_led`, `data_inserimento`) VALUES
('MANILA', '30900700000', '2012-11-14'),
('MANILA', '30900710000', '2012-11-14'),
('MANILA', '30900720000', '2012-11-14'),
('MANILA', '30900730000', '2012-11-14'),
('MANILA', '30901650000', '2012-11-14'),
('MANILA', '30901660000', '2012-11-14'),
('MANILA', '30901670000', '2012-11-14'),
('MANILA', '30901680000', '2012-11-14'),
('MANILA', '30902090000', '2012-11-14'),
('MANILA', '30902100000', '2012-11-14'),
('MANILA', '30902110000', '2012-11-14'),
('MANILA', '30902120000', '2012-11-14'),
('MANILA', '30902380000', '2012-11-14'),
('MANILA', '30902400000', '2012-11-14'),
('MANILA', '30902550000', '2012-11-14'),
('MANILA', '30902560000', '2012-11-14'),
('MANILA', '30902570000', '2012-11-14'),
('MANILA', '30902590000', '2012-11-14'),
('MANILA', '30902600000', '2012-11-14'),
('MANILA', '30902650000', '2012-11-14'),
('MANILA', '30902660000', '2012-11-14'),
('MANILA', '30902670000', '2012-11-14'),
('MANILA', '30902680000', '2012-11-14'),
('MANILA', '30902690000', '2012-11-14'),
('MANILA', '30902700000', '2012-11-14');

-- --------------------------------------------------------

--
-- Struttura della tabella `ingombri_tecnici`
--

CREATE TABLE IF NOT EXISTS `ingombri_tecnici` (
  `prodotto_lineare` varchar(50) COLLATE utf8_bin NOT NULL COMMENT 'Nome prodotto lineare',
  `motore_led` varchar(2) COLLATE utf8_bin NOT NULL COMMENT 'Motore led',
  `id_accessorio` int(11) NOT NULL COMMENT 'accessorio',
  `ingombro` float NOT NULL COMMENT 'ingombro tecnico in millimetri',
  `data_inserimento` date NOT NULL COMMENT 'data inserimento ingombro',
  PRIMARY KEY (`prodotto_lineare`,`motore_led`,`id_accessorio`),
  KEY `motore_led` (`motore_led`),
  KEY `id_accessorio` (`id_accessorio`)
) ENGINE=InnoDB DEFAULT CHARSET=utf8 COLLATE=utf8_bin COMMENT='In base all''accessorio + motore + prodotto ricavo l''ingombro tecnico';

--
-- Dump dei dati per la tabella `ingombri_tecnici`
--

INSERT INTO `ingombri_tecnici` (`prodotto_lineare`, `motore_led`, `id_accessorio`, `ingombro`, `data_inserimento`) VALUES
('BALI', 'B', 1, 49, '2013-04-22'),
('BALI', 'B', 2, 86, '2013-04-22'),
('LUGANO', 'B', 1, 52, '2013-04-17'),
('LUGANO', 'B', 2, 92, '2013-04-17'),
('MALINDI', 'B', 1, 45, '2013-04-15'),
('MALINDI', 'B', 2, 82, '2013-04-15'),
('MANILA', 'A', 1, 47, '2012-11-14'),
('MANILA', 'A', 2, 83, '2012-11-14'),
('MANILA', 'A', 3, 117, '2012-11-14'),
('MANILA', 'B', 1, 47, '2012-11-14'),
('MANILA', 'B', 2, 83, '2012-11-14'),
('MANILA', 'B', 3, 117, '2012-11-14'),
('MANILA', 'H', 1, 67, '2012-11-14'),
('MANILA', 'H', 2, 103, '2012-11-14'),
('MANILA', 'H', 3, 137, '2012-11-14'),
('MANILA', 'L', 1, 67, '2012-11-14'),
('MANILA', 'L', 2, 103, '2012-11-14'),
('MANILA', 'L', 3, 137, '2012-11-14'),
('MANILA', 'P', 1, 67, '2012-11-14'),
('MANILA', 'P', 2, 103, '2012-11-14'),
('MANILA', 'P', 3, 137, '2012-11-14'),
('MANILA', 'V', 1, 78, '2012-11-14'),
('MANILA', 'V', 2, 114, '2012-11-14'),
('MANILA', 'V', 3, 148, '2012-11-14'),
('MANILA', 'X', 1, 47, '2012-11-14'),
('MANILA', 'X', 2, 83, '2012-11-14'),
('MANILA', 'X', 3, 117, '2012-11-14');

-- --------------------------------------------------------

--
-- Struttura della tabella `menu_sito`
--

CREATE TABLE IF NOT EXISTS `menu_sito` (
  `id` int(11) NOT NULL AUTO_INCREMENT COMMENT 'indice',
  `name` varchar(100) COLLATE utf8_bin NOT NULL COMMENT 'titolo voce menu',
  `link` varchar(255) COLLATE utf8_bin NOT NULL COMMENT 'link alla pagina',
  `parent` int(11) NOT NULL COMMENT 'link a id per determinare il nodo superiore',
  PRIMARY KEY (`id`)
) ENGINE=InnoDB  DEFAULT CHARSET=utf8 COLLATE=utf8_bin COMMENT='Menu sito nested level' AUTO_INCREMENT=8 ;

--
-- Dump dei dati per la tabella `menu_sito`
--

INSERT INTO `menu_sito` (`id`, `name`, `link`, `parent`) VALUES
(1, 'Home', 'index.php', 0),
(2, 'Configuratore', '', 0),
(3, 'Strumenti', '', 0),
(4, 'Ordini di Produzione', 'ordini_produzione.php', 2),
(5, 'Visualizza DIBA Produzione', 'visualizza_diba_produzione.php', 2),
(6, 'Importazione dati massivo', 'importa_dati_massivo.php', 3),
(7, 'Gestione DiBa create', 'gestione_diba_create.php', 3);

-- --------------------------------------------------------

--
-- Struttura della tabella `motore_led`
--

CREATE TABLE IF NOT EXISTS `motore_led` (
  `codice_motore_led` varchar(2) COLLATE utf8_bin NOT NULL COMMENT 'codice identificativo del tipo motore led',
  `descrizione_motore` varchar(150) COLLATE utf8_bin NOT NULL COMMENT 'motore led',
  `data_inserimento` date NOT NULL COMMENT 'data inserimento motore led',
  PRIMARY KEY (`codice_motore_led`)
) ENGINE=InnoDB DEFAULT CHARSET=utf8 COLLATE=utf8_bin COMMENT='Motori led presenti in azienda';

--
-- Dump dei dati per la tabella `motore_led`
--

INSERT INTO `motore_led` (`codice_motore_led`, `descrizione_motore`, `data_inserimento`) VALUES
('A', 'REEL 60LED/M 3528', '2012-11-14'),
('B', 'REEL 120LED/M 3528', '2012-11-14'),
('H', 'HE', '2012-11-14'),
('L', 'LINE', '2012-11-14'),
('P', 'PLUS', '2012-11-14'),
('V', 'EVOLUTION', '2012-11-14'),
('X', 'XL', '2012-11-14');

-- --------------------------------------------------------

--
-- Struttura della tabella `prodotti_lineari`
--

CREATE TABLE IF NOT EXISTS `prodotti_lineari` (
  `nome_prodotto` varchar(50) COLLATE utf8_bin NOT NULL COMMENT 'nome prodotto lineare',
  `codice_articolo` varchar(13) COLLATE utf8_bin NOT NULL COMMENT 'codice articolo associato alle lunghezze della barra',
  `da` varchar(4) COLLATE utf8_bin DEFAULT NULL COMMENT 'misura minima',
  `a` varchar(4) COLLATE utf8_bin DEFAULT NULL COMMENT 'misura massima',
  `lunghezza_minima_accettata` int(11) NOT NULL COMMENT 'lunghezza minima accettata per costruzione barra',
  `lunghezza_massima_accettata` int(11) NOT NULL COMMENT 'lunghezza massima accettata per costruzione barra',
  `lente` varchar(2) COLLATE utf8_bin DEFAULT NULL COMMENT 'Definisce se il prodotto finale deve avere, nelle barre led, le lenti o meno',
  `data_inserimento` date NOT NULL,
  `obsoleta` tinyint(4) NOT NULL COMMENT 'Definisce se il prodotto non può essere utilizzato nel configuratore => 1 true , 0 false (quindi visibile) ',
  PRIMARY KEY (`nome_prodotto`,`codice_articolo`)
) ENGINE=InnoDB DEFAULT CHARSET=utf8 COLLATE=utf8_bin COMMENT='Prodotti led lineari aziendali';

--
-- Dump dei dati per la tabella `prodotti_lineari`
--

INSERT INTO `prodotti_lineari` (`nome_prodotto`, `codice_articolo`, `da`, `a`, `lunghezza_minima_accettata`, `lunghezza_massima_accettata`, `lente`, `data_inserimento`, `obsoleta`) VALUES
('BALI', '15900000000', '200', '3000', 200, 3000, 'SI', '2013-04-15', 0),
('LUGANO', '20600000000', '200', '3000', 200, 3000, 'SI', '2013-04-15', 0),
('MALINDI', '20000000000', '200', '3000', 200, 3000, 'SI', '2013-04-15', 0),
('MANILA', '15710011201', '450', '3000', 450, 3000, 'SI', '2012-11-14', 1),
('MANILA', '15720011201', '1501', '3000', 450, 3000, 'SI', '2012-11-15', 1);

-- --------------------------------------------------------

--
-- Struttura della tabella `prodotto_lineare_accessori`
--

CREATE TABLE IF NOT EXISTS `prodotto_lineare_accessori` (
  `prodotto_lineare` varchar(50) COLLATE utf8_bin NOT NULL COMMENT 'nome prodotto lineare',
  `id_accessorio` int(11) NOT NULL COMMENT 'codice accessorio associato',
  `data_creazione` date NOT NULL COMMENT 'Data inserimento ',
  PRIMARY KEY (`prodotto_lineare`,`id_accessorio`),
  KEY `id_accessorio` (`id_accessorio`)
) ENGINE=InnoDB DEFAULT CHARSET=utf8 COLLATE=utf8_bin COMMENT='associazione degli accessori per ogni prodotto lineare';

--
-- Dump dei dati per la tabella `prodotto_lineare_accessori`
--

INSERT INTO `prodotto_lineare_accessori` (`prodotto_lineare`, `id_accessorio`, `data_creazione`) VALUES
('BALI', 1, '2013-04-22'),
('BALI', 2, '2013-04-22'),
('LUGANO', 1, '2013-04-17'),
('LUGANO', 2, '2013-04-17'),
('MALINDI', 1, '2013-04-15'),
('MALINDI', 2, '2013-04-15'),
('MANILA', 1, '2012-11-14'),
('MANILA', 2, '2012-11-14'),
('MANILA', 3, '2012-11-14');

-- --------------------------------------------------------

--
-- Struttura della tabella `prodotto_lineare_motore_led`
--

CREATE TABLE IF NOT EXISTS `prodotto_lineare_motore_led` (
  `prodotto_lineare` varchar(50) COLLATE utf8_bin NOT NULL COMMENT 'Nome prodotto lineare',
  `motore_led` varchar(2) COLLATE utf8_bin NOT NULL COMMENT 'motore led associato',
  `data_inserimento` date NOT NULL COMMENT 'data inserimento associazione',
  PRIMARY KEY (`prodotto_lineare`,`motore_led`),
  KEY `motore_led` (`motore_led`)
) ENGINE=InnoDB DEFAULT CHARSET=utf8 COLLATE=utf8_bin COMMENT='Associazione dei motori led per ogni prodotto lineare';

--
-- Dump dei dati per la tabella `prodotto_lineare_motore_led`
--

INSERT INTO `prodotto_lineare_motore_led` (`prodotto_lineare`, `motore_led`, `data_inserimento`) VALUES
('BALI', 'B', '2013-04-15'),
('LUGANO', 'B', '2013-04-15'),
('MALINDI', 'B', '2013-04-15'),
('MANILA', 'A', '2012-11-14'),
('MANILA', 'B', '2012-11-14'),
('MANILA', 'H', '2012-11-14'),
('MANILA', 'L', '2012-11-14'),
('MANILA', 'P', '2012-11-14'),
('MANILA', 'V', '2012-11-14'),
('MANILA', 'X', '2012-11-14');

-- --------------------------------------------------------

--
-- Struttura della tabella `prodotto_lineare_schermo`
--

CREATE TABLE IF NOT EXISTS `prodotto_lineare_schermo` (
  `prodotto_lineare` varchar(50) COLLATE utf8_bin NOT NULL COMMENT 'Nome prodotto lineare',
  `codice_schermo` varchar(2) COLLATE utf8_bin NOT NULL COMMENT 'codice del tipo di schermo da associare alla lampada',
  `data_inserimento` date NOT NULL COMMENT 'data inserimento associazione',
  PRIMARY KEY (`prodotto_lineare`,`codice_schermo`),
  KEY `codice_schermo` (`codice_schermo`)
) ENGINE=InnoDB DEFAULT CHARSET=utf8 COLLATE=utf8_bin COMMENT='Elenco associazioni prodotto lineare tipo schermo';

--
-- Dump dei dati per la tabella `prodotto_lineare_schermo`
--

INSERT INTO `prodotto_lineare_schermo` (`prodotto_lineare`, `codice_schermo`, `data_inserimento`) VALUES
('BALI', 'OP', '2013-04-22'),
('BALI', 'TR', '2013-04-22'),
('LUGANO', 'OP', '2013-04-17'),
('MALINDI', 'OP', '2013-04-15'),
('MANILA', 'OP', '2013-04-22');

-- --------------------------------------------------------

--
-- Struttura della tabella `regole_accessori`
--

CREATE TABLE IF NOT EXISTS `regole_accessori` (
  `nome_prodotto` varchar(50) COLLATE utf8_bin NOT NULL COMMENT 'nome prodotto lineare',
  `id_accessorio` int(11) NOT NULL COMMENT 'accessorio afferente',
  `codice_motore_led` varchar(2) COLLATE utf8_bin NOT NULL COMMENT 'motore led associato all''accessorio',
  `ordine` int(11) NOT NULL COMMENT 'ordine di comparsa in diba',
  `codice_articolo_accessorio` varchar(11) COLLATE utf8_bin NOT NULL COMMENT 'codice articolo componente dell''accessorio',
  `UM` varchar(3) COLLATE utf8_bin NOT NULL COMMENT 'unità di misura',
  `quantita` int(11) NOT NULL COMMENT 'quantità di utilizzo',
  `inizio_validita` date NOT NULL COMMENT 'data inizio di utilizzo di quel codice articolo per quell''accessorio',
  KEY `nome_prodotto` (`nome_prodotto`),
  KEY `id_accessorio` (`id_accessorio`),
  KEY `codice_motore_led` (`codice_motore_led`)
) ENGINE=InnoDB DEFAULT CHARSET=utf8 COLLATE=utf8_bin COMMENT='Regole per attribuire il codice accessorio dato il prodotto lineare';

--
-- Dump dei dati per la tabella `regole_accessori`
--

INSERT INTO `regole_accessori` (`nome_prodotto`, `id_accessorio`, `codice_motore_led`, `ordine`, `codice_articolo_accessorio`, `UM`, `quantita`, `inizio_validita`) VALUES
('MANILA', 2, 'L', 90, '32800570101', 'PZ', 1, '2012-11-19'),
('MANILA', 2, 'H', 90, '32800560100', 'PZ', 1, '2012-11-19'),
('MANILA', 2, 'P', 90, '32800560100', 'PZ', 1, '2012-11-19'),
('MANILA', 2, 'A', 90, 'N.A', 'PZ', 1, '2012-11-19'),
('MANILA', 2, 'B', 90, 'N.A', 'PZ', 1, '2012-11-19'),
('MANILA', 3, 'L', 91, '30901720301', 'PZ', 1, '2012-11-19'),
('MANILA', 3, 'L', 92, '32000030100', 'MM', 50, '2012-11-19'),
('MANILA', 3, 'H', 91, '30901720301', 'PZ', 1, '2012-11-19'),
('MANILA', 3, 'H', 92, '32000030100', 'MM', 50, '2012-11-19'),
('MANILA', 3, 'P', 91, '30901720301', 'PZ', 1, '2012-11-19'),
('MANILA', 3, 'P', 92, '32000030100', 'MM', 50, '2012-11-19'),
('MANILA', 3, 'A', 91, '30901720301', 'PZ', 1, '2012-11-19'),
('MANILA', 3, 'A', 92, '32000030100', 'MM', 50, '2012-11-19'),
('MANILA', 3, 'B', 91, '30901720301', 'PZ', 1, '2012-11-19'),
('MANILA', 3, 'B', 92, '32000030100', 'MM', 50, '2012-11-19'),
('MANILA', 3, 'L', 90, '80707160101', 'PZ', 1, '2012-11-19'),
('MANILA', 3, 'H', 90, '80707170101', 'PZ', 1, '2012-11-19'),
('MANILA', 3, 'P', 90, '80707170101', 'PZ', 1, '2012-11-19'),
('MANILA', 3, 'A', 90, 'N.A', 'PZ', 1, '2012-11-19'),
('MANILA', 3, 'B', 90, 'N.A', 'PZ', 1, '2012-11-19'),
('MALINDI', 2, 'B', 90, '80801910100', 'PZ', 1, '2013-04-15'),
('LUGANO', 2, 'B', 90, '32800560100', 'PZ', 1, '2013-04-17'),
('BALI', 2, 'B', 90, '32800560100', 'PZ', 1, '2013-04-22');

-- --------------------------------------------------------

--
-- Struttura della tabella `regole_cavo_connessione`
--

CREATE TABLE IF NOT EXISTS `regole_cavo_connessione` (
  `nome_prodotto` varchar(50) COLLATE utf8_bin NOT NULL COMMENT 'Nome prodotto lineare',
  `id_accessorio` int(11) NOT NULL COMMENT 'Accessorio di utilizzo',
  `codice_motore_led` varchar(2) COLLATE utf8_bin NOT NULL COMMENT 'motore led associato',
  `ordine` int(11) NOT NULL COMMENT 'ordine di comparsa in diba',
  `codice_articolo_cavo_connessione` varchar(11) COLLATE utf8_bin NOT NULL COMMENT 'codice articolo del cavo di connessione',
  `UM` varchar(3) COLLATE utf8_bin NOT NULL COMMENT 'unità di misura',
  `quantita` int(11) NOT NULL COMMENT 'quantità di utilizzo',
  `inizio_validita` date NOT NULL COMMENT 'data inizio di utilizzo per quel codice articolo',
  KEY `nome_prodotto` (`nome_prodotto`),
  KEY `id_accessorio` (`id_accessorio`),
  KEY `codice_motore_led` (`codice_motore_led`)
) ENGINE=InnoDB DEFAULT CHARSET=utf8 COLLATE=utf8_bin COMMENT='Insieme di regole per la scelta del codice per il cavo di connessione';

--
-- Dump dei dati per la tabella `regole_cavo_connessione`
--

INSERT INTO `regole_cavo_connessione` (`nome_prodotto`, `id_accessorio`, `codice_motore_led`, `ordine`, `codice_articolo_cavo_connessione`, `UM`, `quantita`, `inizio_validita`) VALUES
('MANILA', 1, 'L', 100, '30901940100', 'PZ', 1, '2012-11-19'),
('MANILA', 1, 'H', 100, '30900790100', 'PZ', 1, '2012-11-19'),
('MANILA', 1, 'P', 100, '30900790100', 'PZ', 1, '2012-11-19'),
('MANILA', 1, 'V', 100, '30900790100', 'PZ', 1, '2012-11-19'),
('MANILA', 1, 'V', 101, '30902450000', 'PZ', 1, '2012-11-19'),
('MANILA', 1, 'X', 100, '30900770101', 'PZ', 1, '2012-11-19'),
('MANILA', 1, 'A', 100, '30900770101', 'PZ', 1, '2012-11-19'),
('MANILA', 1, 'B', 100, '30900770101', 'PZ', 1, '2012-11-19'),
('MALINDI', 2, 'B', 100, '80802210100', 'PZ', 1, '2013-04-15'),
('LUGANO', 1, 'B', 100, '30900770101', 'PZ', 1, '2013-04-17'),
('BALI', 1, 'B', 100, '30900770101', 'PZ', 1, '2013-04-22'),
('MALINDI', 1, 'B', 100, '80802210100', 'PZ', 1, '2013-04-23');

-- --------------------------------------------------------

--
-- Struttura della tabella `regole_fogli_istruzione`
--

CREATE TABLE IF NOT EXISTS `regole_fogli_istruzione` (
  `nome_prodotto` varchar(50) COLLATE utf8_bin NOT NULL COMMENT 'Nome prodotto lineare',
  `id_accessorio` int(11) NOT NULL COMMENT 'accessorio associato',
  `ordine` int(11) NOT NULL COMMENT 'ordine di comparsa in diba',
  `codice_articolo_foglio_istruzione` varchar(11) COLLATE utf8_bin NOT NULL COMMENT 'codice articolo del foglio istruzione',
  `UM` varchar(3) COLLATE utf8_bin NOT NULL COMMENT 'unità di misura',
  `quantita` int(11) NOT NULL COMMENT 'quantità di utilizzo',
  `inizio_validita` date NOT NULL COMMENT 'data inizio validità di utilizzo del codice foglio istruzione',
  KEY `nome_prodotto` (`nome_prodotto`),
  KEY `id_accessorio` (`id_accessorio`)
) ENGINE=InnoDB DEFAULT CHARSET=utf8 COLLATE=utf8_bin COMMENT='Regole per la scelta del foglio istruzione associato';

--
-- Dump dei dati per la tabella `regole_fogli_istruzione`
--

INSERT INTO `regole_fogli_istruzione` (`nome_prodotto`, `id_accessorio`, `ordine`, `codice_articolo_foglio_istruzione`, `UM`, `quantita`, `inizio_validita`) VALUES
('MANILA', 1, 180, '81701160000', 'PZ', 1, '2012-11-19'),
('MANILA', 2, 181, '81701160000', 'PZ', 1, '2012-11-19'),
('MANILA', 1, 182, '81701730000', 'PZ', 1, '2012-11-19'),
('MANILA', 2, 183, '81701730000', 'PZ', 1, '2012-11-19'),
('MANILA', 2, 184, '81702070000', 'PZ', 1, '2012-11-19'),
('MANILA', 3, 180, '81702130000', 'PZ', 1, '2012-11-19'),
('MANILA', 3, 181, '81703130000', 'PZ', 1, '2012-11-19'),
('MALINDI', 1, 180, '81703460000', 'PZ', 1, '2013-04-15'),
('MALINDI', 2, 180, '81703460000', 'PZ', 1, '2013-04-15'),
('LUGANO', 1, 180, '81703560000', 'PZ', 1, '2013-04-17'),
('LUGANO', 2, 180, '81703560000', 'PZ', 1, '2013-04-17'),
('LUGANO', 2, 181, '81702070000', 'PZ', 1, '2013-04-17'),
('BALI', 1, 180, '81701740000', 'PZ', 1, '2013-04-22'),
('BALI', 2, 180, '81701740000', 'PZ', 1, '2013-04-22'),
('BALI', 2, 181, '81702070000', 'PZ', 1, '2013-04-22');

-- --------------------------------------------------------

--
-- Struttura della tabella `regole_imballi`
--

CREATE TABLE IF NOT EXISTS `regole_imballi` (
  `nome_prodotto` varchar(50) COLLATE utf8_bin NOT NULL COMMENT 'nome del prodotto lineare',
  `da` int(11) NOT NULL COMMENT 'inizio range',
  `a` int(11) NOT NULL COMMENT 'fine range',
  `ordine` int(11) NOT NULL COMMENT 'ordine di comparsa in diba',
  `codice_articolo_imballo` varchar(11) COLLATE utf8_bin NOT NULL COMMENT 'codice articolo dell''imballo',
  `descrizione_imballo` varchar(50) COLLATE utf8_bin DEFAULT NULL COMMENT 'Descrittivo breve dell''imballo ',
  `UM` varchar(3) COLLATE utf8_bin NOT NULL COMMENT 'unità di misura',
  `coefficente_utilizzo` int(11) NOT NULL COMMENT 'grado di utilizzo della scatola in base ai pezzi',
  `quantita` int(11) NOT NULL COMMENT 'quantità utilizzata in diba',
  `inzio_validita` date NOT NULL COMMENT 'data inizio validità di utilizzo del codice',
  KEY `nome_prodotto` (`nome_prodotto`),
  KEY `da` (`da`),
  KEY `a` (`a`)
) ENGINE=InnoDB DEFAULT CHARSET=utf8 COLLATE=utf8_bin COMMENT='Regole per la selezione dell''imballo o più imballi';

--
-- Dump dei dati per la tabella `regole_imballi`
--

INSERT INTO `regole_imballi` (`nome_prodotto`, `da`, `a`, `ordine`, `codice_articolo_imballo`, `descrizione_imballo`, `UM`, `coefficente_utilizzo`, `quantita`, `inzio_validita`) VALUES
('MANILA', 1, 389, 190, '50100010100', 'SCAT.IMB.SING.FREEDOM 8W (390*46*34)', 'PZ', 1, 1, '2012-11-19'),
('MANILA', 1, 389, 200, '50100050600', 'SCAT.IMB.MULTIPLO FREEDOM 8W', 'PZ', 10, 1, '2012-11-19'),
('MANILA', 390, 619, 190, '50100020100', 'SCAT.IMB.SING.FREEDOM 13W (620*46*34)', 'PZ', 1, 1, '2012-11-19'),
('MANILA', 390, 619, 200, '50100060600', 'SCAT.IMB.MULTIPLO FREEDOM 13W', 'PZ', 10, 1, '2012-11-19'),
('MANILA', 620, 949, 190, '50100030100', 'SCAT.IMB.SING.FREEDOM 21W (950X46X34)', 'PZ', 1, 1, '2012-11-19'),
('MANILA', 620, 949, 200, '50100070600', 'SCAT.IMB.MULTIPLO FREEDOM 21W', 'PZ', 10, 1, '2012-11-19'),
('MANILA', 950, 1249, 190, '50100040100', 'SCAT.IMB.SING.FREEDOM 28W (1250*46*34)', 'PZ', 1, 1, '2012-11-19'),
('MANILA', 950, 1249, 200, '50100080600', 'SCAT.IMB.MULTIPLO FREEDOM 28W', 'PZ', 10, 1, '2012-11-19'),
('MANILA', 1250, 1549, 190, '50100120100', 'SCAT.IMB.SING.FREEDOM 35W (1550*46*34)', 'PZ', 1, 1, '2012-11-19'),
('MANILA', 1250, 1549, 200, '50100130600', 'SCAT.IMB.MULTIPLO FREEDOM 35W', 'PZ', 10, 1, '2012-11-19'),
('MANILA', 1550, 1999, 190, '50101510600', 'TUBOLARE IN CARTONE D40mm L2mt', 'PZ', 1, 1, '2012-11-19'),
('MANILA', 2000, 3000, 190, '50101520600', 'TUBOLARE IN CARTONE D40mm L3mt', 'PZ', 1, 1, '2012-11-19'),
('MANILA', 1550, 1999, 200, '41400630000', 'TAPPO IN PLASTICA xTUBOLARE', 'PZ', 1, 2, '2013-05-03'),
('MANILA', 2000, 3000, 200, '41400630000', 'TAPPO IN PLASTICA xTUBOLARE', 'PZ', 1, 2, '2013-05-03');

-- --------------------------------------------------------

--
-- Struttura della tabella `regole_molle`
--

CREATE TABLE IF NOT EXISTS `regole_molle` (
  `nome_prodotto` varchar(50) COLLATE utf8_bin NOT NULL COMMENT 'nome prodotto lineare',
  `ordine` int(11) NOT NULL COMMENT 'ordine di comparizione in diba',
  `codice_articolo_molle` varchar(11) COLLATE utf8_bin NOT NULL COMMENT 'codice articolo componente',
  `descrittivo_molle` varchar(30) COLLATE utf8_bin NOT NULL COMMENT 'Descrittivo delle molle ',
  `da` int(11) NOT NULL COMMENT 'inizio range ',
  `a` int(11) NOT NULL COMMENT 'fine range',
  `numero_molle` int(11) NOT NULL COMMENT 'numero molle da applicare al prodotto lineare',
  `inizio_validita` date NOT NULL COMMENT 'data inizio validità',
  KEY `nome_prodotto` (`nome_prodotto`),
  KEY `codice_articolo_molle` (`codice_articolo_molle`)
) ENGINE=InnoDB DEFAULT CHARSET=utf8 COLLATE=utf8_bin COMMENT='Regole per determinare il numero di molle in funzione della lunghezza della barr';

--
-- Dump dei dati per la tabella `regole_molle`
--

INSERT INTO `regole_molle` (`nome_prodotto`, `ordine`, `codice_articolo_molle`, `descrittivo_molle`, `da`, `a`, `numero_molle`, `inizio_validita`) VALUES
('MANILA', 30, '40900120000', 'MOLLA MANILA-E 14,5+0,5mm', 450, 760, 2, '2012-11-22'),
('MANILA', 30, '40900120000', 'MOLLA MANILA-E 14,5+0,5mm', 761, 1000, 3, '2012-11-22'),
('MANILA', 30, '40900120000', 'MOLLA MANILA-E 14,5+0,5mm', 1001, 1500, 4, '2012-11-22'),
('MANILA', 30, '40900120000', 'MOLLA MANILA-E 14,5+0,5mm', 1501, 3000, 5, '2012-11-22'),
('MALINDI', 30, '40900120000', 'MOLLA MANILA-E 14,5+0,5mm', 200, 760, 2, '2013-04-15'),
('MALINDI', 30, '40900120000', 'MOLLA MANILA-E 14,5+0,5mm', 761, 1000, 3, '2013-04-15'),
('MALINDI', 30, '40900120000', 'MOLLA MANILA-E 14,5+0,5mm', 1001, 1500, 4, '2013-04-15'),
('MALINDI', 30, '40900120000', 'MOLLA MANILA-E 14,5+0,5mm', 1501, 3000, 5, '2013-04-15');

-- --------------------------------------------------------

--
-- Struttura della tabella `regole_schermo`
--

CREATE TABLE IF NOT EXISTS `regole_schermo` (
  `nome_prodotto` varchar(50) COLLATE utf8_bin NOT NULL COMMENT 'nome del prodotto per il tipo di schermo selezionato',
  `codice_schermo` varchar(2) COLLATE utf8_bin NOT NULL COMMENT 'Tipo di schermo',
  `ordine` int(11) NOT NULL COMMENT 'posizione in diba',
  `codice_articolo_schermo` varchar(13) COLLATE utf8_bin NOT NULL COMMENT 'codice articolo del tipo di schermo',
  `descrizione_schermo` varchar(50) COLLATE utf8_bin NOT NULL COMMENT 'descrizione del tipo di schermo',
  `UM` varchar(3) COLLATE utf8_bin NOT NULL COMMENT 'unità di misura',
  `QTA` int(11) NOT NULL COMMENT 'qta utile',
  `inizio_validita` date NOT NULL,
  KEY `nome_prodotto` (`nome_prodotto`),
  KEY `codice_articolo_schermo` (`codice_articolo_schermo`),
  KEY `codice_schermo` (`codice_schermo`)
) ENGINE=InnoDB DEFAULT CHARSET=utf8 COLLATE=utf8_bin COMMENT='Associazione codice articolo schermo al prodotto';

--
-- Dump dei dati per la tabella `regole_schermo`
--

INSERT INTO `regole_schermo` (`nome_prodotto`, `codice_schermo`, `ordine`, `codice_articolo_schermo`, `descrizione_schermo`, `UM`, `QTA`, `inizio_validita`) VALUES
('MALINDI', 'OP', 20, '40301920100', 'SCHERMO MALINDI OPALE SPORGENTE 3mt', 'PZV', 1, '2013-04-22'),
('LUGANO', 'OP', 20, '40301990100', 'SCHERMO PRODOTTI XL L=3mt OPALE768', 'PZV', 1, '2013-04-22'),
('BALI', 'TR', 20, '40301990000', 'SCHERMO PRODOTTI XL L=3mt TRASPARENTE656', 'PZV', 1, '2013-04-22'),
('BALI', 'OP', 20, '40301990100', 'SCHERMO PRODOTTI XL L=3mt OPALE768', 'PZV', 1, '2013-04-22'),
('MANILA', 'OP', 20, '40301940100', 'SCHERMO PRODOTTI HE L=3mt 9.3 OPALE', 'PZV', 1, '2013-04-22'),
('LUGANO', 'TR', 20, '40301990000', 'SCHERMO PRODOTTI XL L=3mt TRASPARENTE656', 'PZV', 1, '2013-04-22'),
('MALINDI', 'TR', 20, '40301920000', 'SCHERMO MALINDI TRASP. SPORGENTE 3mt', 'PZV', 1, '2013-04-22');

-- --------------------------------------------------------

--
-- Struttura della tabella `regole_sistema_fissaggio`
--

CREATE TABLE IF NOT EXISTS `regole_sistema_fissaggio` (
  `nome_prodotto` varchar(50) COLLATE utf8_bin NOT NULL COMMENT 'Nome prodotto con sistema di fissaggio',
  `ordine` int(11) NOT NULL COMMENT 'ordine in diba',
  `tipo_fissaggio` varchar(2) COLLATE utf8_bin NOT NULL COMMENT 'tipo di fissaggio',
  `codice_articolo_fissaggio` varchar(13) COLLATE utf8_bin NOT NULL COMMENT 'codice articolo fissaggio',
  `descrizione_articolo_fissaggio` varchar(30) COLLATE utf8_bin NOT NULL COMMENT 'descrizione fissaggio',
  `UM` varchar(3) COLLATE utf8_bin NOT NULL COMMENT 'unità di misura',
  `QTA` varchar(2) COLLATE utf8_bin DEFAULT NULL COMMENT 'quantità di utilizzo per singolo prodotto',
  `inizio_validita` date NOT NULL COMMENT 'data inizio utilizzo di quel codice per quel sistema di fissaggio',
  KEY `nome_prodotto` (`nome_prodotto`),
  KEY `tipo_fissaggio` (`tipo_fissaggio`),
  KEY `codice_articolo_fissaggio` (`codice_articolo_fissaggio`)
) ENGINE=InnoDB DEFAULT CHARSET=utf8 COLLATE=utf8_bin COMMENT='Regole per determinare il codice articolo di fissaggio per il prodotto';

--
-- Dump dei dati per la tabella `regole_sistema_fissaggio`
--

INSERT INTO `regole_sistema_fissaggio` (`nome_prodotto`, `ordine`, `tipo_fissaggio`, `codice_articolo_fissaggio`, `descrizione_articolo_fissaggio`, `UM`, `QTA`, `inizio_validita`) VALUES
('BALI', 73, 'ST', '81000850000', 'CONF.FIX BALI 4 CLIPS TONDE', 'PZ', '1', '2013-04-22'),
('BALI', 73, 'MG', '41400660900', 'MAGNETE SC35MA NI 20x11,6x4mm', 'PZ', '2', '2013-04-22');

-- --------------------------------------------------------

--
-- Struttura della tabella `richieste_ordini_produzione`
--

CREATE TABLE IF NOT EXISTS `richieste_ordini_produzione` (
  `data_inserimento` date NOT NULL COMMENT 'data richiesta prodotto configurato',
  `numero_ordine_cliente` varchar(7) COLLATE utf8_bin NOT NULL COMMENT 'numero ordine cliente registrato a sistema',
  `riga_ordine_cliente` int(11) NOT NULL COMMENT 'numero riga ordine cliente',
  `nome_prodotto` varchar(50) COLLATE utf8_bin NOT NULL COMMENT 'prodotto lineare',
  `motore_led` varchar(2) COLLATE utf8_bin NOT NULL COMMENT 'motore led utilizzato',
  `id_tipo_luce` int(11) NOT NULL COMMENT 'luce utilizzata',
  `id_accessorio` int(11) NOT NULL COMMENT 'Accessorio richiesto ',
  `lunghezza` varchar(7) COLLATE utf8_bin NOT NULL COMMENT 'lunghezza richiesta',
  `codice_schermo` varchar(2) COLLATE utf8_bin DEFAULT NULL COMMENT 'Codice schermo per il prodotto',
  `area_utile` int(11) NOT NULL COMMENT 'area utile per fare calcolare il numero di barre led o lunghezza reel',
  `codice_fissaggio` varchar(2) COLLATE utf8_bin DEFAULT NULL COMMENT 'Codice tipo fissaggio per i prodotti che lo prevedono (es. Bali)',
  `quantita` smallint(6) NOT NULL COMMENT 'quantita richiesta',
  `codice_pf_finale` varchar(13) COLLATE utf8_bin NOT NULL COMMENT 'codice PF che comparirà poi nell''ordine di produzione',
  `descrizione_pf` varchar(100) COLLATE utf8_bin NOT NULL COMMENT 'Descrizione del codice articolo configurato',
  `descrizione_pf_breve` varchar(50) COLLATE utf8_bin NOT NULL COMMENT 'Descrittivo breve da inserire nel descrittivo SAP',
  `processato` tinyint(1) NOT NULL COMMENT 'Valore 1/0 se l''ordine è stato trasformato in ordine di produzione o meno',
  KEY `numero_ordine_cliente` (`numero_ordine_cliente`),
  KEY `data_inserimento` (`data_inserimento`),
  KEY `codice_fissaggio` (`codice_fissaggio`)
) ENGINE=InnoDB DEFAULT CHARSET=utf8 COLLATE=utf8_bin COMMENT='Insieme di richieste per la produzione delle barre lieneari';

--
-- Dump dei dati per la tabella `richieste_ordini_produzione`
--

INSERT INTO `richieste_ordini_produzione` (`data_inserimento`, `numero_ordine_cliente`, `riga_ordine_cliente`, `nome_prodotto`, `motore_led`, `id_tipo_luce`, `id_accessorio`, `lunghezza`, `codice_schermo`, `area_utile`, `codice_fissaggio`, `quantita`, `codice_pf_finale`, `descrizione_pf`, `descrizione_pf_breve`, `processato`) VALUES
('2013-04-23', '4001012', 10, 'BALI', 'B', 1, 2, '2500', 'TR', 2414, 'ST', 2, 'C.4001012.010', 'BALI B TOUCH STANDARD 2500mm WARM WHITE 27.8W 12VDC SCHERMO TRASPARENTE', 'BALI B TC ST 2500 WW 27.8W 12V TR', 0),
('2013-04-23', '4001012', 20, 'LUGANO', 'B', 4, 1, '833', 'OP', 781, '', 3, 'C.4001012.020', 'LUGANO B   833mm NATURAL WHITE 9W 12VDC SCHERMO OPALE', 'LUGANO B   833 NW 9W 12V OP', 0),
('2013-04-23', '4001012', 30, 'LUGANO', 'B', 4, 2, '897', 'OP', 805, '', 6, 'C.4001012.030', 'LUGANO B TOUCH  897mm NATURAL WHITE 9.3W 12VDC SCHERMO OPALE', 'LUGANO B TC  897 NW 9.3W 12V OP', 0),
('2013-04-23', '4001012', 40, 'MALINDI', 'B', 3, 1, '1033', 'OP', 988, '', 8, 'C.4001012.040', 'MALINDI B   1033mm COLD WHITE 11.3W 12VDC SCHERMO OPALE', 'MALINDI B   1033 CW 11.3W 12V OP', 0),
('2013-04-23', '4001012', 50, 'MALINDI', 'B', 3, 2, '1033', 'OP', 951, '', 3, 'C.4001012.050', 'MALINDI B TOUCH  1033mm COLD WHITE 11W 12VDC SCHERMO OPALE', 'MALINDI B TC  1033 CW 11W 12V OP', 0),
('2013-04-23', '4001012', 60, 'BALI', 'B', 3, 1, '2601', 'OP', 2552, 'MG', 2, 'C.4001012.060', 'BALI B  MAGNETI 2601mm COLD WHITE 29.6W 12VDC SCHERMO OPALE', 'BALI B  MG 2601 CW 29.6W 12V OP', 0);

-- --------------------------------------------------------

--
-- Struttura della tabella `schermo`
--

CREATE TABLE IF NOT EXISTS `schermo` (
  `codice_schermo` varchar(2) COLLATE utf8_bin NOT NULL COMMENT 'Codice dello schermo da inserire nella lampada',
  `descrizione_schermo` varchar(15) COLLATE utf8_bin NOT NULL COMMENT 'Descrizione di massima sul significato del tipo di schermo',
  `data_inserimento` date NOT NULL COMMENT 'data inserimento',
  PRIMARY KEY (`codice_schermo`)
) ENGINE=InnoDB DEFAULT CHARSET=utf8 COLLATE=utf8_bin COMMENT='Elenco degli schermi disponibili per le lampade configurabili';

--
-- Dump dei dati per la tabella `schermo`
--

INSERT INTO `schermo` (`codice_schermo`, `descrizione_schermo`, `data_inserimento`) VALUES
('OP', 'OPALE', '2013-04-15'),
('TR', 'TRASPARENTE', '2013-04-15');

-- --------------------------------------------------------

--
-- Struttura della tabella `storico_richieste`
--

CREATE TABLE IF NOT EXISTS `storico_richieste` (
  `nome_prodotto` varchar(50) COLLATE utf8_bin NOT NULL COMMENT 'prodotto lineare',
  `motore_led` varchar(2) COLLATE utf8_bin NOT NULL COMMENT 'motore led utilizzato',
  `id_tipo_luce` int(11) NOT NULL COMMENT 'luce utilizzata',
  `id_accessorio` int(11) NOT NULL COMMENT 'Tipo di accessorio ',
  `lunghezza` varchar(7) COLLATE utf8_bin NOT NULL COMMENT 'lunghezza richiesta',
  `codice_cliente` varchar(4) COLLATE utf8_bin NOT NULL,
  `data_richiesta` date NOT NULL,
  `ordine_cliente` varchar(7) COLLATE utf8_bin NOT NULL COMMENT 'Numero ordine cliente',
  `riga_ordine_cliente` int(11) NOT NULL COMMENT 'Indicazione della riga ordine con la richiesta del prodotto configurato',
  KEY `nome_prodotto` (`nome_prodotto`),
  KEY `lunghezza` (`lunghezza`),
  KEY `id_tipo_luce` (`id_tipo_luce`),
  KEY `motore_led` (`motore_led`),
  KEY `riga_ordine_cliente` (`riga_ordine_cliente`)
) ENGINE=InnoDB DEFAULT CHARSET=utf8 COLLATE=utf8_bin COMMENT='Insieme di richieste per la produzione delle barre lieneari';

-- --------------------------------------------------------

--
-- Struttura della tabella `tipo_fissaggio`
--

CREATE TABLE IF NOT EXISTS `tipo_fissaggio` (
  `codice_fissaggio` varchar(2) COLLATE utf8_bin NOT NULL COMMENT 'Codice del tipo di fissaggio per la lampada',
  `descrizione_fissaggio` varchar(20) COLLATE utf8_bin NOT NULL COMMENT 'Descrizione del fissaggio',
  `inizio_validita` date NOT NULL COMMENT 'inizio validità o utilizzo di tale sistema',
  PRIMARY KEY (`codice_fissaggio`)
) ENGINE=InnoDB DEFAULT CHARSET=utf8 COLLATE=utf8_bin COMMENT='Sistemi di fissaggio disponibili';

--
-- Dump dei dati per la tabella `tipo_fissaggio`
--

INSERT INTO `tipo_fissaggio` (`codice_fissaggio`, `descrizione_fissaggio`, `inizio_validita`) VALUES
('MG', 'MAGNETI', '2013-04-22'),
('ST', 'STANDARD', '2013-04-22');

-- --------------------------------------------------------

--
-- Struttura della tabella `tipo_luce`
--

CREATE TABLE IF NOT EXISTS `tipo_luce` (
  `tipo_luce` varchar(15) COLLATE utf8_bin NOT NULL COMMENT 'definisce se la luce è calda,fredda,naturale',
  `temperatura_colore` varchar(4) COLLATE utf8_bin NOT NULL COMMENT 'in base al colore della luce viene inserito il valori in °K',
  `codifica_temperatura` varchar(2) COLLATE utf8_bin NOT NULL COMMENT 'Serve per identificare la temperatura del colore in funzione del range di appartenenza. Vedi codifica codice',
  `id_tipo_luce` int(11) NOT NULL AUTO_INCREMENT COMMENT 'pk automatica',
  PRIMARY KEY (`id_tipo_luce`)
) ENGINE=InnoDB  DEFAULT CHARSET=utf8 COLLATE=utf8_bin COMMENT='Colore luce led' AUTO_INCREMENT=6 ;

--
-- Dump dei dati per la tabella `tipo_luce`
--

INSERT INTO `tipo_luce` (`tipo_luce`, `temperatura_colore`, `codifica_temperatura`, `id_tipo_luce`) VALUES
('WARM WHITE', '3000', 'WW', 1),
('WARM WHITE', '3200', 'WW', 2),
('COLD WHITE', '5000', 'CW', 3),
('NATURAL WHITE', '4000', 'NW', 4),
('N.A.', 'N.A.', '00', 5);

--
-- Limiti per le tabelle scaricate
--

--
-- Limiti per la tabella `anagrafica_barre_led`
--
ALTER TABLE `anagrafica_barre_led`
  ADD CONSTRAINT `anagrafica_barre_led_ibfk_1` FOREIGN KEY (`id_tipo_luce`) REFERENCES `tipo_luce` (`id_tipo_luce`) ON DELETE NO ACTION ON UPDATE NO ACTION,
  ADD CONSTRAINT `anagrafica_barre_led_ibfk_2` FOREIGN KEY (`codice_motore_led`) REFERENCES `motore_led` (`codice_motore_led`) ON DELETE NO ACTION ON UPDATE CASCADE;

--
-- Limiti per la tabella `diba`
--
ALTER TABLE `diba`
  ADD CONSTRAINT `diba_ibfk_1` FOREIGN KEY (`nome_prodotto`) REFERENCES `prodotti_lineari` (`nome_prodotto`) ON DELETE NO ACTION ON UPDATE CASCADE;

--
-- Limiti per la tabella `esclusioni_barra_led_prodotto_lineare`
--
ALTER TABLE `esclusioni_barra_led_prodotto_lineare`
  ADD CONSTRAINT `esclusioni_barra_led_prodotto_lineare_ibfk_1` FOREIGN KEY (`prodotto_lineare`) REFERENCES `prodotti_lineari` (`nome_prodotto`) ON DELETE NO ACTION ON UPDATE CASCADE,
  ADD CONSTRAINT `esclusioni_barra_led_prodotto_lineare_ibfk_2` FOREIGN KEY (`codice_barra_led`) REFERENCES `anagrafica_barre_led` (`codice_barra_led`) ON DELETE NO ACTION ON UPDATE CASCADE;

--
-- Limiti per la tabella `ingombri_tecnici`
--
ALTER TABLE `ingombri_tecnici`
  ADD CONSTRAINT `ingombri_tecnici_ibfk_1` FOREIGN KEY (`prodotto_lineare`) REFERENCES `prodotti_lineari` (`nome_prodotto`) ON DELETE NO ACTION ON UPDATE CASCADE,
  ADD CONSTRAINT `ingombri_tecnici_ibfk_2` FOREIGN KEY (`motore_led`) REFERENCES `motore_led` (`codice_motore_led`) ON DELETE NO ACTION ON UPDATE CASCADE,
  ADD CONSTRAINT `ingombri_tecnici_ibfk_3` FOREIGN KEY (`id_accessorio`) REFERENCES `accessori` (`id_accessorio`) ON DELETE NO ACTION ON UPDATE NO ACTION;

--
-- Limiti per la tabella `prodotto_lineare_accessori`
--
ALTER TABLE `prodotto_lineare_accessori`
  ADD CONSTRAINT `prodotto_lineare_accessori_ibfk_1` FOREIGN KEY (`prodotto_lineare`) REFERENCES `prodotti_lineari` (`nome_prodotto`) ON DELETE NO ACTION ON UPDATE CASCADE,
  ADD CONSTRAINT `prodotto_lineare_accessori_ibfk_2` FOREIGN KEY (`id_accessorio`) REFERENCES `accessori` (`id_accessorio`) ON DELETE NO ACTION ON UPDATE NO ACTION;

--
-- Limiti per la tabella `prodotto_lineare_motore_led`
--
ALTER TABLE `prodotto_lineare_motore_led`
  ADD CONSTRAINT `prodotto_lineare_motore_led_ibfk_1` FOREIGN KEY (`prodotto_lineare`) REFERENCES `prodotti_lineari` (`nome_prodotto`) ON DELETE NO ACTION ON UPDATE CASCADE,
  ADD CONSTRAINT `prodotto_lineare_motore_led_ibfk_2` FOREIGN KEY (`motore_led`) REFERENCES `motore_led` (`codice_motore_led`) ON DELETE NO ACTION ON UPDATE CASCADE;

--
-- Limiti per la tabella `prodotto_lineare_schermo`
--
ALTER TABLE `prodotto_lineare_schermo`
  ADD CONSTRAINT `prodotto_lineare_schermo_ibfk_1` FOREIGN KEY (`prodotto_lineare`) REFERENCES `prodotti_lineari` (`nome_prodotto`) ON DELETE NO ACTION ON UPDATE CASCADE,
  ADD CONSTRAINT `prodotto_lineare_schermo_ibfk_2` FOREIGN KEY (`codice_schermo`) REFERENCES `schermo` (`codice_schermo`) ON DELETE NO ACTION ON UPDATE CASCADE;

--
-- Limiti per la tabella `regole_accessori`
--
ALTER TABLE `regole_accessori`
  ADD CONSTRAINT `regole_accessori_ibfk_1` FOREIGN KEY (`nome_prodotto`) REFERENCES `prodotti_lineari` (`nome_prodotto`) ON DELETE NO ACTION ON UPDATE CASCADE,
  ADD CONSTRAINT `regole_accessori_ibfk_2` FOREIGN KEY (`id_accessorio`) REFERENCES `accessori` (`id_accessorio`) ON DELETE NO ACTION ON UPDATE NO ACTION,
  ADD CONSTRAINT `regole_accessori_ibfk_3` FOREIGN KEY (`codice_motore_led`) REFERENCES `motore_led` (`codice_motore_led`) ON DELETE NO ACTION ON UPDATE CASCADE;

--
-- Limiti per la tabella `regole_cavo_connessione`
--
ALTER TABLE `regole_cavo_connessione`
  ADD CONSTRAINT `regole_cavo_connessione_ibfk_1` FOREIGN KEY (`nome_prodotto`) REFERENCES `prodotti_lineari` (`nome_prodotto`) ON DELETE NO ACTION ON UPDATE CASCADE,
  ADD CONSTRAINT `regole_cavo_connessione_ibfk_2` FOREIGN KEY (`id_accessorio`) REFERENCES `accessori` (`id_accessorio`) ON DELETE NO ACTION ON UPDATE NO ACTION,
  ADD CONSTRAINT `regole_cavo_connessione_ibfk_3` FOREIGN KEY (`codice_motore_led`) REFERENCES `motore_led` (`codice_motore_led`) ON DELETE NO ACTION ON UPDATE CASCADE;

--
-- Limiti per la tabella `regole_fogli_istruzione`
--
ALTER TABLE `regole_fogli_istruzione`
  ADD CONSTRAINT `regole_fogli_istruzione_ibfk_1` FOREIGN KEY (`nome_prodotto`) REFERENCES `prodotti_lineari` (`nome_prodotto`) ON DELETE NO ACTION ON UPDATE CASCADE,
  ADD CONSTRAINT `regole_fogli_istruzione_ibfk_2` FOREIGN KEY (`id_accessorio`) REFERENCES `accessori` (`id_accessorio`) ON DELETE NO ACTION ON UPDATE NO ACTION;

--
-- Limiti per la tabella `regole_molle`
--
ALTER TABLE `regole_molle`
  ADD CONSTRAINT `regole_molle_ibfk_1` FOREIGN KEY (`nome_prodotto`) REFERENCES `prodotti_lineari` (`nome_prodotto`) ON DELETE NO ACTION ON UPDATE CASCADE;

--
-- Limiti per la tabella `regole_schermo`
--
ALTER TABLE `regole_schermo`
  ADD CONSTRAINT `regole_schermo_ibfk_1` FOREIGN KEY (`nome_prodotto`) REFERENCES `prodotti_lineari` (`nome_prodotto`) ON DELETE NO ACTION ON UPDATE CASCADE,
  ADD CONSTRAINT `regole_schermo_ibfk_2` FOREIGN KEY (`codice_schermo`) REFERENCES `schermo` (`codice_schermo`) ON DELETE NO ACTION ON UPDATE CASCADE;

--
-- Limiti per la tabella `regole_sistema_fissaggio`
--
ALTER TABLE `regole_sistema_fissaggio`
  ADD CONSTRAINT `regole_sistema_fissaggio_ibfk_1` FOREIGN KEY (`nome_prodotto`) REFERENCES `prodotti_lineari` (`nome_prodotto`) ON DELETE NO ACTION ON UPDATE CASCADE,
  ADD CONSTRAINT `regole_sistema_fissaggio_ibfk_2` FOREIGN KEY (`tipo_fissaggio`) REFERENCES `tipo_fissaggio` (`codice_fissaggio`) ON DELETE NO ACTION ON UPDATE CASCADE;

/*!40101 SET CHARACTER_SET_CLIENT=@OLD_CHARACTER_SET_CLIENT */;
/*!40101 SET CHARACTER_SET_RESULTS=@OLD_CHARACTER_SET_RESULTS */;
/*!40101 SET COLLATION_CONNECTION=@OLD_COLLATION_CONNECTION */;
